# Blender 5.0.0
# www.blender.org
mtllib login.mtl
o Text
v 2.998000 0.682000 0.000000
v 2.695000 0.682000 0.000000
v 2.695000 0.327000 0.000000
v 2.729190 0.333992 0.000000
v 2.757171 0.337139 0.000000
v 2.779561 0.336697 0.000000
v 2.796975 0.332924 0.000000
v 2.810031 0.326074 0.000000
v 2.819345 0.316406 0.000000
v 2.825534 0.304175 0.000000
v 2.829215 0.289639 0.000000
v 2.831004 0.273053 0.000000
v 2.831518 0.254673 0.000000
v 2.831375 0.234758 0.000000
v 2.831190 0.213562 0.000000
v 2.831909 0.196938 0.000000
v 2.833708 0.180701 0.000000
v 2.836051 0.165053 0.000000
v 2.838400 0.150194 0.000000
v 2.840219 0.136328 0.000000
v 2.840970 0.123656 0.000000
v 2.840117 0.112380 0.000000
v 2.837123 0.102701 0.000000
v 2.831452 0.094822 0.000000
v 2.822565 0.088944 0.000000
v 2.809927 0.085270 0.000000
v 2.793000 0.084000 0.000000
v 2.780501 0.084354 0.000000
v 2.768005 0.085412 0.000000
v 2.755516 0.087172 0.000000
v 2.743037 0.089630 0.000000
v 2.730572 0.092782 0.000000
v 2.718125 0.096625 0.000000
v 2.705698 0.101156 0.000000
v 2.693296 0.106370 0.000000
v 2.680922 0.112266 0.000000
v 2.668578 0.118838 0.000000
v 2.656270 0.126084 0.000000
v 2.644000 0.134000 0.000000
v 2.644000 0.033000 0.000000
v 2.658514 0.025872 0.000000
v 2.672611 0.019472 0.000000
v 2.686375 0.013781 0.000000
v 2.699889 0.008778 0.000000
v 2.713236 0.004441 0.000000
v 2.726500 0.000750 0.000000
v 2.739764 -0.002316 -0.000000
v 2.753111 -0.004778 -0.000000
v 2.766625 -0.006656 -0.000000
v 2.780389 -0.007972 -0.000000
v 2.794486 -0.008747 -0.000000
v 2.809000 -0.009000 -0.000000
v 2.840487 -0.007117 -0.000000
v 2.870310 -0.001602 -0.000000
v 2.898266 0.007344 0.000000
v 2.924148 0.019519 0.000000
v 2.947753 0.034721 0.000000
v 2.968875 0.052750 0.000000
v 2.987310 0.073404 0.000000
v 3.002852 0.096481 0.000000
v 3.015297 0.121781 0.000000
v 3.024440 0.149102 0.000000
v 3.030076 0.178242 0.000000
v 3.032000 0.209000 0.000000
v 3.030061 0.239851 0.000000
v 3.024324 0.269227 0.000000
v 3.014906 0.296859 0.000000
v 3.001926 0.322481 0.000000
v 2.985502 0.345826 0.000000
v 2.965750 0.366625 0.000000
v 2.942791 0.384612 0.000000
v 2.916741 0.399519 0.000000
v 2.887719 0.411078 0.000000
v 2.855843 0.419023 0.000000
v 2.821231 0.423086 0.000000
v 2.784000 0.423000 0.000000
v 2.784000 0.594000 0.000000
v 2.998000 0.594000 0.000000
v 0.460000 0.449000 0.000000
v 0.354000 0.449000 0.000000
v 0.155000 0.229000 0.000000
v 0.380000 0.000000 0.000000
v 0.500000 0.000000 0.000000
v 0.200189 0.235562 0.000000
v 0.151000 0.682000 0.000000
v 0.062000 0.682000 0.000000
v -0.053935 -0.006562 -0.000000
v 0.151000 0.000000 0.000000
v 0.548000 0.449000 0.000000
v 0.548000 0.000000 0.000000
v 0.637000 0.000000 0.000000
v 0.724498 0.204376 0.000000
v 0.723756 0.223869 0.000000
v 0.721855 0.243602 0.000000
v 0.719280 0.263208 0.000000
v 0.716517 0.282315 0.000000
v 0.714053 0.300557 0.000000
v 0.712374 0.317563 0.000000
v 0.711966 0.332965 0.000000
v 0.713314 0.346394 0.000000
v 0.716906 0.357481 0.000000
v 0.723227 0.365857 0.000000
v 0.732763 0.371153 0.000000
v 0.746000 0.373000 0.000000
v 0.752304 0.371684 0.000000
v 0.760481 0.367982 0.000000
v 0.770184 0.362262 0.000000
v 0.781060 0.354894 0.000000
v 0.792761 0.346246 0.000000
v 0.804937 0.336688 0.000000
v 0.817238 0.326588 0.000000
v 0.829314 0.316316 0.000000
v 0.840816 0.306239 0.000000
v 0.851393 0.296728 0.000000
v 0.860695 0.288150 0.000000
v 0.868374 0.280876 0.000000
v 0.876000 0.406000 0.000000
v 0.866810 0.414376 0.000000
v 0.857727 0.422005 0.000000
v 0.848734 0.428891 0.000000
v 0.839815 0.435037 0.000000
v 0.830951 0.440447 0.000000
v 0.822125 0.445125 0.000000
v 0.813320 0.449074 0.000000
v 0.804519 0.452296 0.000000
v 0.795703 0.454797 0.000000
v 0.786857 0.456579 0.000000
v 0.777961 0.457645 0.000000
v 0.769000 0.458000 0.000000
v 0.758479 0.457305 0.000000
v 0.747912 0.455190 0.000000
v 0.737297 0.451609 0.000000
v 0.726630 0.446519 0.000000
v 0.715907 0.439872 0.000000
v 0.705125 0.431625 0.000000
v 0.694281 0.421732 0.000000
v 0.683370 0.410148 0.000000
v 0.672391 0.396828 0.000000
v 0.661338 0.381727 0.000000
v 0.650209 0.364799 0.000000
v 0.639000 0.346000 0.000000
v 0.637000 0.346000 0.000000
v 0.637000 0.449000 0.000000
v 1.029000 0.449000 0.000000
v 0.940000 0.449000 0.000000
v 0.940000 0.000000 0.000000
v 1.029000 0.000000 0.000000
v 1.038000 0.585000 0.000000
v 1.037511 0.592135 0.000000
v 1.036088 0.598995 0.000000
v 1.033797 0.605516 0.000000
v 1.030704 0.611630 0.000000
v 1.026875 0.617271 0.000000
v 1.022375 0.622375 0.000000
v 1.017272 0.626875 0.000000
v 1.011630 0.630704 0.000000
v 1.005516 0.633797 0.000000
v 0.998996 0.636088 0.000000
v 0.992135 0.637511 0.000000
v 0.985000 0.638000 0.000000
v 0.977865 0.637511 0.000000
v 0.971005 0.636088 0.000000
v 0.964484 0.633797 0.000000
v 0.958370 0.630704 0.000000
v 0.952729 0.626874 0.000000
v 0.947625 0.622375 0.000000
v 0.943126 0.617271 0.000000
v 0.939296 0.611630 0.000000
v 0.936203 0.605516 0.000000
v 0.933912 0.598995 0.000000
v 0.932489 0.592135 0.000000
v 0.932000 0.585000 0.000000
v 0.932489 0.577865 0.000000
v 0.933912 0.571005 0.000000
v 0.936203 0.564484 0.000000
v 0.939296 0.558370 0.000000
v 0.943126 0.552729 0.000000
v 0.947625 0.547625 0.000000
v 0.952729 0.543126 0.000000
v 0.958370 0.539296 0.000000
v 0.964484 0.536203 0.000000
v 0.971005 0.533912 0.000000
v 0.977865 0.532489 0.000000
v 0.985000 0.532000 0.000000
v 0.992135 0.532489 0.000000
v 0.998995 0.533912 0.000000
v 1.005516 0.536203 0.000000
v 1.011630 0.539296 0.000000
v 1.017272 0.543126 0.000000
v 1.022375 0.547625 0.000000
v 1.026875 0.552729 0.000000
v 1.030704 0.558370 0.000000
v 1.033797 0.564484 0.000000
v 1.036088 0.571005 0.000000
v 1.037511 0.577865 0.000000
v 1.564000 0.341000 0.000000
v 1.560409 0.391965 0.000000
v 1.553923 0.439783 0.000000
v 1.544606 0.484209 0.000000
v 1.532523 0.524998 0.000000
v 1.517738 0.561905 0.000000
v 1.500316 0.594686 0.000000
v 1.480321 0.623095 0.000000
v 1.457817 0.646888 0.000000
v 1.432869 0.665820 0.000000
v 1.405540 0.679646 0.000000
v 1.375896 0.688121 0.000000
v 1.344000 0.691000 0.000000
v 1.311942 0.688124 0.000000
v 1.281870 0.679657 0.000000
v 1.253938 0.665844 0.000000
v 1.228296 0.646926 0.000000
v 1.205100 0.623147 0.000000
v 1.184500 0.594750 0.000000
v 1.166650 0.561978 0.000000
v 1.151704 0.525074 0.000000
v 1.139812 0.484281 0.000000
v 1.131130 0.439843 0.000000
v 1.125808 0.392001 0.000000
v 1.124000 0.341000 0.000000
v 1.125808 0.289999 0.000000
v 1.131130 0.242157 0.000000
v 1.139813 0.197719 0.000000
v 1.151704 0.156926 0.000000
v 1.166651 0.120022 0.000000
v 1.184500 0.087250 0.000000
v 1.205100 0.058853 0.000000
v 1.228297 0.035074 0.000000
v 1.253938 0.016156 0.000000
v 1.281871 0.002343 0.000000
v 1.311942 -0.006124 -0.000000
v 1.344000 -0.009000 -0.000000
v 1.376350 -0.009340 -0.000000
v 1.407193 -0.009354 -0.000000
v 1.436216 -0.007530 -0.000000
v 1.463107 -0.002356 -0.000000
v 1.487553 0.007680 0.000000
v 1.509242 0.024087 0.000000
v 1.527863 0.048379 0.000000
v 1.543102 0.082066 0.000000
v 1.554648 0.126661 0.000000
v 1.562187 0.183673 0.000000
v 1.565409 0.254616 0.000000
v 1.466000 0.341000 0.000000
v 1.465051 0.302332 0.000000
v 1.462241 0.266407 0.000000
v 1.457625 0.233344 0.000000
v 1.451259 0.203259 0.000000
v 1.443199 0.176272 0.000000
v 1.433500 0.152500 0.000000
v 1.422217 0.132061 0.000000
v 1.409407 0.115074 0.000000
v 1.395125 0.101656 0.000000
v 1.379426 0.091926 0.000000
v 1.362366 0.086001 0.000000
v 1.344000 0.084000 0.000000
v 1.327700 0.085614 0.000000
v 1.316352 0.090468 0.000000
v 1.309281 0.098580 0.000000
v 1.305814 0.109970 0.000000
v 1.305278 0.124656 0.000000
v 1.306999 0.142656 0.000000
v 1.310303 0.163990 0.000000
v 1.314517 0.188676 0.000000
v 1.318967 0.216733 0.000000
v 1.322980 0.248179 0.000000
v 1.325881 0.283032 0.000000
v 1.326998 0.321313 0.000000
v 1.325881 0.360368 0.000000
v 1.322979 0.397364 0.000000
v 1.318967 0.432045 0.000000
v 1.314517 0.464158 0.000000
v 1.310303 0.493446 0.000000
v 1.306999 0.519656 0.000000
v 1.305278 0.542533 0.000000
v 1.305814 0.561822 0.000000
v 1.309281 0.577268 0.000000
v 1.316352 0.588616 0.000000
v 1.327700 0.595611 0.000000
v 1.344000 0.598000 0.000000
v 1.362366 0.595999 0.000000
v 1.379426 0.590074 0.000000
v 1.395125 0.580344 0.000000
v 1.409407 0.566926 0.000000
v 1.422218 0.549939 0.000000
v 1.433500 0.529500 0.000000
v 1.443199 0.505728 0.000000
v 1.451259 0.478741 0.000000
v 1.457625 0.448656 0.000000
v 1.462241 0.415593 0.000000
v 1.465051 0.379668 0.000000
v 1.675000 0.569000 0.000000
v 1.686449 0.573982 0.000000
v 1.697343 0.578440 0.000000
v 1.707750 0.582391 0.000000
v 1.717741 0.585852 0.000000
v 1.727384 0.588841 0.000000
v 1.736750 0.591375 0.000000
v 1.745908 0.593472 0.000000
v 1.754926 0.595148 0.000000
v 1.763875 0.596422 0.000000
v 1.772824 0.597310 0.000000
v 1.781843 0.597830 0.000000
v 1.791000 0.598000 0.000000
v 1.806983 0.597239 0.000000
v 1.819232 0.594981 0.000000
v 1.828192 0.591264 0.000000
v 1.834311 0.586123 0.000000
v 1.838035 0.579595 0.000000
v 1.839813 0.571719 0.000000
v 1.840091 0.562529 0.000000
v 1.839316 0.552065 0.000000
v 1.837935 0.540361 0.000000
v 1.836395 0.527456 0.000000
v 1.835143 0.513386 0.000000
v 1.834627 0.498187 0.000000
v 1.835153 0.483172 0.000000
v 1.836386 0.469164 0.000000
v 1.837810 0.456221 0.000000
v 1.838909 0.444398 0.000000
v 1.839165 0.433753 0.000000
v 1.838063 0.424344 0.000000
v 1.835086 0.416226 0.000000
v 1.829718 0.409456 0.000000
v 1.821442 0.404092 0.000000
v 1.809741 0.400190 0.000000
v 1.794099 0.397807 0.000000
v 1.774000 0.397000 0.000000
v 1.774000 0.307000 0.000000
v 1.795571 0.306872 0.000000
v 1.812176 0.304134 0.000000
v 1.824405 0.299010 0.000000
v 1.832845 0.291720 0.000000
v 1.838087 0.282487 0.000000
v 1.840720 0.271531 0.000000
v 1.841331 0.259076 0.000000
v 1.840510 0.245343 0.000000
v 1.838847 0.230553 0.000000
v 1.836930 0.214928 0.000000
v 1.835348 0.198691 0.000000
v 1.834689 0.182063 0.000000
v 1.835483 0.166269 0.000000
v 1.837513 0.151882 0.000000
v 1.840254 0.138897 0.000000
v 1.843177 0.127306 0.000000
v 1.845758 0.117103 0.000000
v 1.847470 0.108281 0.000000
v 1.847785 0.100835 0.000000
v 1.846179 0.094757 0.000000
v 1.842124 0.090041 0.000000
v 1.835093 0.086681 0.000000
v 1.824561 0.084669 0.000000
v 1.810000 0.084000 0.000000
v 1.797499 0.084355 0.000000
v 1.784991 0.085421 0.000000
v 1.772469 0.087203 0.000000
v 1.759926 0.089704 0.000000
v 1.747355 0.092927 0.000000
v 1.734750 0.096875 0.000000
v 1.722103 0.101553 0.000000
v 1.709408 0.106963 0.000000
v 1.696656 0.113109 0.000000
v 1.683843 0.119995 0.000000
v 1.670960 0.127624 0.000000
v 1.658000 0.136000 0.000000
v 1.658000 0.030000 0.000000
v 1.670249 0.023981 0.000000
v 1.682491 0.018431 0.000000
v 1.694719 0.013359 0.000000
v 1.706926 0.008778 0.000000
v 1.719105 0.004696 0.000000
v 1.731250 0.001125 0.000000
v 1.743353 -0.001925 -0.000000
v 1.755407 -0.004444 -0.000000
v 1.767406 -0.006422 -0.000000
v 1.779343 -0.007847 -0.000000
v 1.791210 -0.008710 -0.000000
v 1.803000 -0.009000 -0.000000
v 1.833699 -0.007257 -0.000000
v 1.862676 -0.002139 -0.000000
v 1.889750 0.006188 0.000000
v 1.914741 0.017556 0.000000
v 1.937468 0.031799 0.000000
v 1.957750 0.048750 0.000000
v 1.975407 0.068243 0.000000
v 1.990259 0.090111 0.000000
v 2.002125 0.114188 0.000000
v 2.010824 0.140306 0.000000
v 2.016176 0.168299 0.000000
v 2.018000 0.198000 0.000000
v 2.017370 0.215491 0.000000
v 2.015463 0.232847 0.000000
v 2.012250 0.249891 0.000000
v 2.007704 0.266444 0.000000
v 2.001796 0.282332 0.000000
v 1.994500 0.297375 0.000000
v 1.985787 0.311398 0.000000
v 1.975630 0.324222 0.000000
v 1.964000 0.335672 0.000000
v 1.950871 0.345569 0.000000
v 1.936213 0.353738 0.000000
v 1.920000 0.360000 0.000000
v 1.934736 0.368701 0.000000
v 1.947972 0.377861 0.000000
v 1.959750 0.387563 0.000000
v 1.970111 0.397889 0.000000
v 1.979097 0.408924 0.000000
v 1.986750 0.420750 0.000000
v 1.993111 0.433451 0.000000
v 1.998222 0.447111 0.000000
v 2.002125 0.461813 0.000000
v 2.004861 0.477639 0.000000
v 2.006472 0.494674 0.000000
v 2.007000 0.513000 0.000000
v 2.005375 0.539190 0.000000
v 2.000583 0.563685 0.000000
v 1.992750 0.586375 0.000000
v 1.982000 0.607148 0.000000
v 1.968458 0.625894 0.000000
v 1.952250 0.642500 0.000000
v 1.933500 0.656857 0.000000
v 1.912333 0.668852 0.000000
v 1.888875 0.678375 0.000000
v 1.863250 0.685315 0.000000
v 1.835583 0.689560 0.000000
v 1.806000 0.691000 0.000000
v 1.793492 0.690811 0.000000
v 1.781435 0.690241 0.000000
v 1.769781 0.689281 0.000000
v 1.758482 0.687926 0.000000
v 1.747487 0.686168 0.000000
v 1.736750 0.684000 0.000000
v 1.726221 0.681415 0.000000
v 1.715852 0.678407 0.000000
v 1.705594 0.674969 0.000000
v 1.695398 0.671093 0.000000
v 1.685217 0.666772 0.000000
v 1.675000 0.662000 0.000000
v 2.584000 0.682000 0.000000
v 2.143000 0.682000 0.000000
v 2.143000 0.589000 0.000000
v 2.438000 0.589000 0.000000
v 2.188000 0.029000 0.000000
v 2.275000 -0.009000 -0.000000
v 2.998000 0.682000 0.000000
v 2.695000 0.682000 0.000000
v 2.695000 0.327000 0.000000
v 2.729190 0.333992 0.000000
v 2.757171 0.337139 0.000000
v 2.779561 0.336697 0.000000
v 2.796975 0.332924 0.000000
v 2.810031 0.326074 0.000000
v 2.819345 0.316406 0.000000
v 2.825534 0.304175 0.000000
v 2.829215 0.289639 0.000000
v 2.831004 0.273053 0.000000
v 2.831518 0.254673 0.000000
v 2.831375 0.234758 0.000000
v 2.831190 0.213562 0.000000
v 2.831909 0.196938 0.000000
v 2.833708 0.180701 0.000000
v 2.836051 0.165053 0.000000
v 2.838400 0.150194 0.000000
v 2.840219 0.136328 0.000000
v 2.840970 0.123656 0.000000
v 2.840117 0.112380 0.000000
v 2.837123 0.102701 0.000000
v 2.831452 0.094822 0.000000
v 2.822565 0.088944 0.000000
v 2.809927 0.085270 0.000000
v 2.793000 0.084000 0.000000
v 2.780501 0.084354 0.000000
v 2.768005 0.085412 0.000000
v 2.755516 0.087172 0.000000
v 2.743037 0.089630 0.000000
v 2.730572 0.092782 0.000000
v 2.718125 0.096625 0.000000
v 2.705698 0.101156 0.000000
v 2.693296 0.106370 0.000000
v 2.680922 0.112266 0.000000
v 2.668578 0.118838 0.000000
v 2.656270 0.126084 0.000000
v 2.644000 0.134000 0.000000
v 2.644000 0.033000 0.000000
v 2.658514 0.025872 0.000000
v 2.672611 0.019472 0.000000
v 2.686375 0.013781 0.000000
v 2.699889 0.008778 0.000000
v 2.713236 0.004441 0.000000
v 2.726500 0.000750 0.000000
v 2.739764 -0.002316 -0.000000
v 2.753111 -0.004778 -0.000000
v 2.766625 -0.006656 -0.000000
v 2.780389 -0.007972 -0.000000
v 2.794486 -0.008747 -0.000000
v 2.809000 -0.009000 -0.000000
v 2.840487 -0.007117 -0.000000
v 2.870310 -0.001602 -0.000000
v 2.898266 0.007344 0.000000
v 2.924148 0.019519 0.000000
v 2.947753 0.034721 0.000000
v 2.968875 0.052750 0.000000
v 2.987310 0.073404 0.000000
v 3.002852 0.096481 0.000000
v 3.015297 0.121781 0.000000
v 3.024440 0.149102 0.000000
v 3.030076 0.178242 0.000000
v 3.032000 0.209000 0.000000
v 3.030061 0.239851 0.000000
v 3.024324 0.269227 0.000000
v 3.014906 0.296859 0.000000
v 3.001926 0.322481 0.000000
v 2.985502 0.345826 0.000000
v 2.965750 0.366625 0.000000
v 2.942791 0.384612 0.000000
v 2.916741 0.399519 0.000000
v 2.887719 0.411078 0.000000
v 2.855843 0.419023 0.000000
v 2.821231 0.423086 0.000000
v 2.784000 0.423000 0.000000
v 2.784000 0.594000 0.000000
v 2.998000 0.594000 0.000000
v 0.460000 0.449000 0.000000
v 0.354000 0.449000 0.000000
v 0.155000 0.229000 0.000000
v 0.380000 0.000000 0.000000
v 0.500000 0.000000 0.000000
v 0.200189 0.235562 0.000000
v 0.151000 0.682000 0.000000
v 0.062000 0.682000 0.000000
v -0.053935 -0.006562 -0.000000
v 0.151000 0.000000 0.000000
v 0.548000 0.449000 0.000000
v 0.548000 0.000000 0.000000
v 0.637000 0.000000 0.000000
v 0.724498 0.204376 0.000000
v 0.723756 0.223869 0.000000
v 0.721855 0.243602 0.000000
v 0.719280 0.263208 0.000000
v 0.716517 0.282315 0.000000
v 0.714053 0.300557 0.000000
v 0.712374 0.317563 0.000000
v 0.711966 0.332965 0.000000
v 0.713314 0.346394 0.000000
v 0.716906 0.357481 0.000000
v 0.723227 0.365857 0.000000
v 0.732763 0.371153 0.000000
v 0.746000 0.373000 0.000000
v 0.752304 0.371684 0.000000
v 0.760481 0.367982 0.000000
v 0.770184 0.362262 0.000000
v 0.781060 0.354894 0.000000
v 0.792761 0.346246 0.000000
v 0.804937 0.336688 0.000000
v 0.817238 0.326588 0.000000
v 0.829314 0.316316 0.000000
v 0.840816 0.306239 0.000000
v 0.851393 0.296728 0.000000
v 0.860695 0.288150 0.000000
v 0.868374 0.280876 0.000000
v 0.876000 0.406000 0.000000
v 0.866810 0.414376 0.000000
v 0.857727 0.422005 0.000000
v 0.848734 0.428891 0.000000
v 0.839815 0.435037 0.000000
v 0.830951 0.440447 0.000000
v 0.822125 0.445125 0.000000
v 0.813320 0.449074 0.000000
v 0.804519 0.452296 0.000000
v 0.795703 0.454797 0.000000
v 0.786857 0.456579 0.000000
v 0.777961 0.457645 0.000000
v 0.769000 0.458000 0.000000
v 0.758479 0.457305 0.000000
v 0.747912 0.455190 0.000000
v 0.737297 0.451609 0.000000
v 0.726630 0.446519 0.000000
v 0.715907 0.439872 0.000000
v 0.705125 0.431625 0.000000
v 0.694281 0.421732 0.000000
v 0.683370 0.410148 0.000000
v 0.672391 0.396828 0.000000
v 0.661338 0.381727 0.000000
v 0.650209 0.364799 0.000000
v 0.639000 0.346000 0.000000
v 0.637000 0.346000 0.000000
v 0.637000 0.449000 0.000000
v 1.029000 0.449000 0.000000
v 0.940000 0.449000 0.000000
v 0.940000 0.000000 0.000000
v 1.029000 0.000000 0.000000
v 1.038000 0.585000 0.000000
v 1.037511 0.592135 0.000000
v 1.036088 0.598995 0.000000
v 1.033797 0.605516 0.000000
v 1.030704 0.611630 0.000000
v 1.026875 0.617271 0.000000
v 1.022375 0.622375 0.000000
v 1.017272 0.626875 0.000000
v 1.011630 0.630704 0.000000
v 1.005516 0.633797 0.000000
v 0.998996 0.636088 0.000000
v 0.992135 0.637511 0.000000
v 0.985000 0.638000 0.000000
v 0.977865 0.637511 0.000000
v 0.971005 0.636088 0.000000
v 0.964484 0.633797 0.000000
v 0.958370 0.630704 0.000000
v 0.952729 0.626874 0.000000
v 0.947625 0.622375 0.000000
v 0.943126 0.617271 0.000000
v 0.939296 0.611630 0.000000
v 0.936203 0.605516 0.000000
v 0.933912 0.598995 0.000000
v 0.932489 0.592135 0.000000
v 0.932000 0.585000 0.000000
v 0.932489 0.577865 0.000000
v 0.933912 0.571005 0.000000
v 0.936203 0.564484 0.000000
v 0.939296 0.558370 0.000000
v 0.943126 0.552729 0.000000
v 0.947625 0.547625 0.000000
v 0.952729 0.543126 0.000000
v 0.958370 0.539296 0.000000
v 0.964484 0.536203 0.000000
v 0.971005 0.533912 0.000000
v 0.977865 0.532489 0.000000
v 0.985000 0.532000 0.000000
v 0.992135 0.532489 0.000000
v 0.998995 0.533912 0.000000
v 1.005516 0.536203 0.000000
v 1.011630 0.539296 0.000000
v 1.017272 0.543126 0.000000
v 1.022375 0.547625 0.000000
v 1.026875 0.552729 0.000000
v 1.030704 0.558370 0.000000
v 1.033797 0.564484 0.000000
v 1.036088 0.571005 0.000000
v 1.037511 0.577865 0.000000
v 1.564000 0.341000 0.000000
v 1.560409 0.391965 0.000000
v 1.553923 0.439783 0.000000
v 1.544606 0.484209 0.000000
v 1.532523 0.524998 0.000000
v 1.517738 0.561905 0.000000
v 1.500316 0.594686 0.000000
v 1.480321 0.623095 0.000000
v 1.457817 0.646888 0.000000
v 1.432869 0.665820 0.000000
v 1.405540 0.679646 0.000000
v 1.375896 0.688121 0.000000
v 1.344000 0.691000 0.000000
v 1.311942 0.688124 0.000000
v 1.281870 0.679657 0.000000
v 1.253938 0.665844 0.000000
v 1.228296 0.646926 0.000000
v 1.205100 0.623147 0.000000
v 1.184500 0.594750 0.000000
v 1.166650 0.561978 0.000000
v 1.151704 0.525074 0.000000
v 1.139812 0.484281 0.000000
v 1.131130 0.439843 0.000000
v 1.125808 0.392001 0.000000
v 1.124000 0.341000 0.000000
v 1.125808 0.289999 0.000000
v 1.131130 0.242157 0.000000
v 1.139813 0.197719 0.000000
v 1.151704 0.156926 0.000000
v 1.166651 0.120022 0.000000
v 1.184500 0.087250 0.000000
v 1.205100 0.058853 0.000000
v 1.228297 0.035074 0.000000
v 1.253938 0.016156 0.000000
v 1.281871 0.002343 0.000000
v 1.311942 -0.006124 -0.000000
v 1.344000 -0.009000 -0.000000
v 1.376350 -0.009340 -0.000000
v 1.407193 -0.009354 -0.000000
v 1.436216 -0.007530 -0.000000
v 1.463107 -0.002356 -0.000000
v 1.487553 0.007680 0.000000
v 1.509242 0.024087 0.000000
v 1.527863 0.048379 0.000000
v 1.543102 0.082066 0.000000
v 1.554648 0.126661 0.000000
v 1.562187 0.183673 0.000000
v 1.565409 0.254616 0.000000
v 1.466000 0.341000 0.000000
v 1.465051 0.302332 0.000000
v 1.462241 0.266407 0.000000
v 1.457625 0.233344 0.000000
v 1.451259 0.203259 0.000000
v 1.443199 0.176272 0.000000
v 1.433500 0.152500 0.000000
v 1.422217 0.132061 0.000000
v 1.409407 0.115074 0.000000
v 1.395125 0.101656 0.000000
v 1.379426 0.091926 0.000000
v 1.362366 0.086001 0.000000
v 1.344000 0.084000 0.000000
v 1.327700 0.085614 0.000000
v 1.316352 0.090468 0.000000
v 1.309281 0.098580 0.000000
v 1.305814 0.109970 0.000000
v 1.305278 0.124656 0.000000
v 1.306999 0.142656 0.000000
v 1.310303 0.163990 0.000000
v 1.314517 0.188676 0.000000
v 1.318967 0.216733 0.000000
v 1.322980 0.248179 0.000000
v 1.325881 0.283032 0.000000
v 1.326998 0.321313 0.000000
v 1.325881 0.360368 0.000000
v 1.322979 0.397364 0.000000
v 1.318967 0.432045 0.000000
v 1.314517 0.464158 0.000000
v 1.310303 0.493446 0.000000
v 1.306999 0.519656 0.000000
v 1.305278 0.542533 0.000000
v 1.305814 0.561822 0.000000
v 1.309281 0.577268 0.000000
v 1.316352 0.588616 0.000000
v 1.327700 0.595611 0.000000
v 1.344000 0.598000 0.000000
v 1.362366 0.595999 0.000000
v 1.379426 0.590074 0.000000
v 1.395125 0.580344 0.000000
v 1.409407 0.566926 0.000000
v 1.422218 0.549939 0.000000
v 1.433500 0.529500 0.000000
v 1.443199 0.505728 0.000000
v 1.451259 0.478741 0.000000
v 1.457625 0.448656 0.000000
v 1.462241 0.415593 0.000000
v 1.465051 0.379668 0.000000
v 1.675000 0.569000 0.000000
v 1.686449 0.573982 0.000000
v 1.697343 0.578440 0.000000
v 1.707750 0.582391 0.000000
v 1.717741 0.585852 0.000000
v 1.727384 0.588841 0.000000
v 1.736750 0.591375 0.000000
v 1.745908 0.593472 0.000000
v 1.754926 0.595148 0.000000
v 1.763875 0.596422 0.000000
v 1.772824 0.597310 0.000000
v 1.781843 0.597830 0.000000
v 1.791000 0.598000 0.000000
v 1.806983 0.597239 0.000000
v 1.819232 0.594981 0.000000
v 1.828192 0.591264 0.000000
v 1.834311 0.586123 0.000000
v 1.838035 0.579595 0.000000
v 1.839813 0.571719 0.000000
v 1.840091 0.562529 0.000000
v 1.839316 0.552065 0.000000
v 1.837935 0.540361 0.000000
v 1.836395 0.527456 0.000000
v 1.835143 0.513386 0.000000
v 1.834627 0.498187 0.000000
v 1.835153 0.483172 0.000000
v 1.836386 0.469164 0.000000
v 1.837810 0.456221 0.000000
v 1.838909 0.444398 0.000000
v 1.839165 0.433753 0.000000
v 1.838063 0.424344 0.000000
v 1.835086 0.416226 0.000000
v 1.829718 0.409456 0.000000
v 1.821442 0.404092 0.000000
v 1.809741 0.400190 0.000000
v 1.794099 0.397807 0.000000
v 1.774000 0.397000 0.000000
v 1.774000 0.307000 0.000000
v 1.795571 0.306872 0.000000
v 1.812176 0.304134 0.000000
v 1.824405 0.299010 0.000000
v 1.832845 0.291720 0.000000
v 1.838087 0.282487 0.000000
v 1.840720 0.271531 0.000000
v 1.841331 0.259076 0.000000
v 1.840510 0.245343 0.000000
v 1.838847 0.230553 0.000000
v 1.836930 0.214928 0.000000
v 1.835348 0.198691 0.000000
v 1.834689 0.182063 0.000000
v 1.835483 0.166269 0.000000
v 1.837513 0.151882 0.000000
v 1.840254 0.138897 0.000000
v 1.843177 0.127306 0.000000
v 1.845758 0.117103 0.000000
v 1.847470 0.108281 0.000000
v 1.847785 0.100835 0.000000
v 1.846179 0.094757 0.000000
v 1.842124 0.090041 0.000000
v 1.835093 0.086681 0.000000
v 1.824561 0.084669 0.000000
v 1.810000 0.084000 0.000000
v 1.797499 0.084355 0.000000
v 1.784991 0.085421 0.000000
v 1.772469 0.087203 0.000000
v 1.759926 0.089704 0.000000
v 1.747355 0.092927 0.000000
v 1.734750 0.096875 0.000000
v 1.722103 0.101553 0.000000
v 1.709408 0.106963 0.000000
v 1.696656 0.113109 0.000000
v 1.683843 0.119995 0.000000
v 1.670960 0.127624 0.000000
v 1.658000 0.136000 0.000000
v 1.658000 0.030000 0.000000
v 1.670249 0.023981 0.000000
v 1.682491 0.018431 0.000000
v 1.694719 0.013359 0.000000
v 1.706926 0.008778 0.000000
v 1.719105 0.004696 0.000000
v 1.731250 0.001125 0.000000
v 1.743353 -0.001925 -0.000000
v 1.755407 -0.004444 -0.000000
v 1.767406 -0.006422 -0.000000
v 1.779343 -0.007847 -0.000000
v 1.791210 -0.008710 -0.000000
v 1.803000 -0.009000 -0.000000
v 1.833699 -0.007257 -0.000000
v 1.862676 -0.002139 -0.000000
v 1.889750 0.006188 0.000000
v 1.914741 0.017556 0.000000
v 1.937468 0.031799 0.000000
v 1.957750 0.048750 0.000000
v 1.975407 0.068243 0.000000
v 1.990259 0.090111 0.000000
v 2.002125 0.114188 0.000000
v 2.010824 0.140306 0.000000
v 2.016176 0.168299 0.000000
v 2.018000 0.198000 0.000000
v 2.017370 0.215491 0.000000
v 2.015463 0.232847 0.000000
v 2.012250 0.249891 0.000000
v 2.007704 0.266444 0.000000
v 2.001796 0.282332 0.000000
v 1.994500 0.297375 0.000000
v 1.985787 0.311398 0.000000
v 1.975630 0.324222 0.000000
v 1.964000 0.335672 0.000000
v 1.950871 0.345569 0.000000
v 1.936213 0.353738 0.000000
v 1.920000 0.360000 0.000000
v 1.934736 0.368701 0.000000
v 1.947972 0.377861 0.000000
v 1.959750 0.387563 0.000000
v 1.970111 0.397889 0.000000
v 1.979097 0.408924 0.000000
v 1.986750 0.420750 0.000000
v 1.993111 0.433451 0.000000
v 1.998222 0.447111 0.000000
v 2.002125 0.461813 0.000000
v 2.004861 0.477639 0.000000
v 2.006472 0.494674 0.000000
v 2.007000 0.513000 0.000000
v 2.005375 0.539190 0.000000
v 2.000583 0.563685 0.000000
v 1.992750 0.586375 0.000000
v 1.982000 0.607148 0.000000
v 1.968458 0.625894 0.000000
v 1.952250 0.642500 0.000000
v 1.933500 0.656857 0.000000
v 1.912333 0.668852 0.000000
v 1.888875 0.678375 0.000000
v 1.863250 0.685315 0.000000
v 1.835583 0.689560 0.000000
v 1.806000 0.691000 0.000000
v 1.793492 0.690811 0.000000
v 1.781435 0.690241 0.000000
v 1.769781 0.689281 0.000000
v 1.758482 0.687926 0.000000
v 1.747487 0.686168 0.000000
v 1.736750 0.684000 0.000000
v 1.726221 0.681415 0.000000
v 1.715852 0.678407 0.000000
v 1.705594 0.674969 0.000000
v 1.695398 0.671093 0.000000
v 1.685217 0.666772 0.000000
v 1.675000 0.662000 0.000000
v 2.584000 0.682000 0.000000
v 2.143000 0.682000 0.000000
v 2.143000 0.589000 0.000000
v 2.438000 0.589000 0.000000
v 2.188000 0.029000 0.000000
v 2.275000 -0.009000 -0.000000
v 2.998000 0.682000 0.240588
v 2.695000 0.682000 0.240588
v 2.695000 0.327000 0.240588
v 2.729190 0.333992 0.240588
v 2.757171 0.337139 0.240588
v 2.779561 0.336697 0.240588
v 2.796975 0.332924 0.240588
v 2.810031 0.326074 0.240588
v 2.819345 0.316406 0.240588
v 2.825534 0.304175 0.240588
v 2.829215 0.289639 0.240588
v 2.831004 0.273053 0.240588
v 2.831518 0.254673 0.240588
v 2.831375 0.234758 0.240588
v 2.831190 0.213562 0.240588
v 2.831909 0.196938 0.240588
v 2.833708 0.180701 0.240588
v 2.836051 0.165053 0.240588
v 2.838400 0.150194 0.240588
v 2.840219 0.136328 0.240588
v 2.840970 0.123656 0.240588
v 2.840117 0.112380 0.240588
v 2.837123 0.102701 0.240588
v 2.831452 0.094822 0.240588
v 2.822565 0.088944 0.240588
v 2.809927 0.085270 0.240588
v 2.793000 0.084000 0.240588
v 2.780501 0.084354 0.240588
v 2.768005 0.085412 0.240588
v 2.755516 0.087172 0.240588
v 2.743037 0.089630 0.240588
v 2.730572 0.092782 0.240588
v 2.718125 0.096625 0.240588
v 2.705698 0.101156 0.240588
v 2.693296 0.106370 0.240588
v 2.680922 0.112266 0.240588
v 2.668578 0.118838 0.240588
v 2.656270 0.126084 0.240588
v 2.644000 0.134000 0.240588
v 2.644000 0.033000 0.240588
v 2.658514 0.025872 0.240588
v 2.672611 0.019472 0.240588
v 2.686375 0.013781 0.240588
v 2.699889 0.008778 0.240588
v 2.713236 0.004441 0.240588
v 2.726500 0.000750 0.240588
v 2.739764 -0.002316 0.240588
v 2.753111 -0.004778 0.240588
v 2.766625 -0.006656 0.240588
v 2.780389 -0.007972 0.240588
v 2.794486 -0.008747 0.240588
v 2.809000 -0.009000 0.240588
v 2.840487 -0.007117 0.240588
v 2.870310 -0.001602 0.240588
v 2.898266 0.007344 0.240588
v 2.924148 0.019519 0.240588
v 2.947753 0.034721 0.240588
v 2.968875 0.052750 0.240588
v 2.987310 0.073404 0.240588
v 3.002852 0.096481 0.240588
v 3.015297 0.121781 0.240588
v 3.024440 0.149102 0.240588
v 3.030076 0.178242 0.240588
v 3.032000 0.209000 0.240588
v 3.030061 0.239851 0.240588
v 3.024324 0.269227 0.240588
v 3.014906 0.296859 0.240588
v 3.001926 0.322481 0.240588
v 2.985502 0.345826 0.240588
v 2.965750 0.366625 0.240588
v 2.942791 0.384612 0.240588
v 2.916741 0.399519 0.240588
v 2.887719 0.411078 0.240588
v 2.855843 0.419023 0.240588
v 2.821231 0.423086 0.240588
v 2.784000 0.423000 0.240588
v 2.784000 0.594000 0.240588
v 2.998000 0.594000 0.240588
v 0.460000 0.449000 0.240588
v 0.354000 0.449000 0.240588
v 0.155000 0.229000 0.240588
v 0.380000 -0.000000 0.240588
v 0.500000 -0.000000 0.240588
v 0.200189 0.235562 0.240588
v 0.151000 0.682000 0.240588
v 0.062000 0.682000 0.240588
v -0.053935 -0.006562 0.240588
v 0.151000 -0.000000 0.240588
v 0.548000 0.449000 0.240588
v 0.548000 -0.000000 0.240588
v 0.637000 -0.000000 0.240588
v 0.724498 0.204376 0.240588
v 0.723756 0.223869 0.240588
v 0.721855 0.243602 0.240588
v 0.719280 0.263208 0.240588
v 0.716517 0.282315 0.240588
v 0.714053 0.300557 0.240588
v 0.712374 0.317563 0.240588
v 0.711966 0.332965 0.240588
v 0.713314 0.346394 0.240588
v 0.716906 0.357481 0.240588
v 0.723227 0.365857 0.240588
v 0.732763 0.371153 0.240588
v 0.746000 0.373000 0.240588
v 0.752304 0.371684 0.240588
v 0.760481 0.367982 0.240588
v 0.770184 0.362262 0.240588
v 0.781060 0.354894 0.240588
v 0.792761 0.346246 0.240588
v 0.804937 0.336688 0.240588
v 0.817238 0.326588 0.240588
v 0.829314 0.316316 0.240588
v 0.840816 0.306239 0.240588
v 0.851393 0.296728 0.240588
v 0.860695 0.288150 0.240588
v 0.868374 0.280876 0.240588
v 0.876000 0.406000 0.240588
v 0.866810 0.414376 0.240588
v 0.857727 0.422005 0.240588
v 0.848734 0.428891 0.240588
v 0.839815 0.435037 0.240588
v 0.830951 0.440447 0.240588
v 0.822125 0.445125 0.240588
v 0.813320 0.449074 0.240588
v 0.804519 0.452296 0.240588
v 0.795703 0.454797 0.240588
v 0.786857 0.456579 0.240588
v 0.777961 0.457645 0.240588
v 0.769000 0.458000 0.240588
v 0.758479 0.457305 0.240588
v 0.747912 0.455190 0.240588
v 0.737297 0.451609 0.240588
v 0.726630 0.446519 0.240588
v 0.715907 0.439872 0.240588
v 0.705125 0.431625 0.240588
v 0.694281 0.421732 0.240588
v 0.683370 0.410148 0.240588
v 0.672391 0.396828 0.240588
v 0.661338 0.381727 0.240588
v 0.650209 0.364799 0.240588
v 0.639000 0.346000 0.240588
v 0.637000 0.346000 0.240588
v 0.637000 0.449000 0.240588
v 1.029000 0.449000 0.240588
v 0.940000 0.449000 0.240588
v 0.940000 -0.000000 0.240588
v 1.029000 -0.000000 0.240588
v 1.038000 0.585000 0.240588
v 1.037511 0.592135 0.240588
v 1.036088 0.598995 0.240588
v 1.033797 0.605516 0.240588
v 1.030704 0.611630 0.240588
v 1.026875 0.617271 0.240588
v 1.022375 0.622375 0.240588
v 1.017272 0.626875 0.240588
v 1.011630 0.630704 0.240588
v 1.005516 0.633797 0.240588
v 0.998996 0.636088 0.240588
v 0.992135 0.637511 0.240588
v 0.985000 0.638000 0.240588
v 0.977865 0.637511 0.240588
v 0.971005 0.636088 0.240588
v 0.964484 0.633797 0.240588
v 0.958370 0.630704 0.240588
v 0.952729 0.626874 0.240588
v 0.947625 0.622375 0.240588
v 0.943126 0.617271 0.240588
v 0.939296 0.611630 0.240588
v 0.936203 0.605516 0.240588
v 0.933912 0.598995 0.240588
v 0.932489 0.592135 0.240588
v 0.932000 0.585000 0.240588
v 0.932489 0.577865 0.240588
v 0.933912 0.571005 0.240588
v 0.936203 0.564484 0.240588
v 0.939296 0.558370 0.240588
v 0.943126 0.552729 0.240588
v 0.947625 0.547625 0.240588
v 0.952729 0.543126 0.240588
v 0.958370 0.539296 0.240588
v 0.964484 0.536203 0.240588
v 0.971005 0.533912 0.240588
v 0.977865 0.532489 0.240588
v 0.985000 0.532000 0.240588
v 0.992135 0.532489 0.240588
v 0.998995 0.533912 0.240588
v 1.005516 0.536203 0.240588
v 1.011630 0.539296 0.240588
v 1.017272 0.543126 0.240588
v 1.022375 0.547625 0.240588
v 1.026875 0.552729 0.240588
v 1.030704 0.558370 0.240588
v 1.033797 0.564484 0.240588
v 1.036088 0.571005 0.240588
v 1.037511 0.577865 0.240588
v 1.564000 0.341000 0.240588
v 1.560409 0.391965 0.240588
v 1.553923 0.439783 0.240588
v 1.544606 0.484209 0.240588
v 1.532523 0.524998 0.240588
v 1.517738 0.561905 0.240588
v 1.500316 0.594686 0.240588
v 1.480321 0.623095 0.240588
v 1.457817 0.646888 0.240588
v 1.432869 0.665820 0.240588
v 1.405540 0.679646 0.240588
v 1.375896 0.688121 0.240588
v 1.344000 0.691000 0.240588
v 1.311942 0.688124 0.240588
v 1.281870 0.679657 0.240588
v 1.253938 0.665844 0.240588
v 1.228296 0.646926 0.240588
v 1.205100 0.623147 0.240588
v 1.184500 0.594750 0.240588
v 1.166650 0.561978 0.240588
v 1.151704 0.525074 0.240588
v 1.139812 0.484281 0.240588
v 1.131130 0.439843 0.240588
v 1.125808 0.392001 0.240588
v 1.124000 0.341000 0.240588
v 1.125808 0.289999 0.240588
v 1.131130 0.242157 0.240588
v 1.139813 0.197719 0.240588
v 1.151704 0.156926 0.240588
v 1.166651 0.120022 0.240588
v 1.184500 0.087250 0.240588
v 1.205100 0.058853 0.240588
v 1.228297 0.035074 0.240588
v 1.253938 0.016156 0.240588
v 1.281871 0.002343 0.240588
v 1.311942 -0.006124 0.240588
v 1.344000 -0.009000 0.240588
v 1.376350 -0.009340 0.240588
v 1.407193 -0.009354 0.240588
v 1.436216 -0.007530 0.240588
v 1.463107 -0.002356 0.240588
v 1.487553 0.007680 0.240588
v 1.509242 0.024087 0.240588
v 1.527863 0.048379 0.240588
v 1.543102 0.082066 0.240588
v 1.554648 0.126661 0.240588
v 1.562187 0.183673 0.240588
v 1.565409 0.254616 0.240588
v 1.466000 0.341000 0.240588
v 1.465051 0.302332 0.240588
v 1.462241 0.266407 0.240588
v 1.457625 0.233344 0.240588
v 1.451259 0.203259 0.240588
v 1.443199 0.176272 0.240588
v 1.433500 0.152500 0.240588
v 1.422217 0.132061 0.240588
v 1.409407 0.115074 0.240588
v 1.395125 0.101656 0.240588
v 1.379426 0.091926 0.240588
v 1.362366 0.086001 0.240588
v 1.344000 0.084000 0.240588
v 1.327700 0.085614 0.240588
v 1.316352 0.090468 0.240588
v 1.309281 0.098580 0.240588
v 1.305814 0.109970 0.240588
v 1.305278 0.124656 0.240588
v 1.306999 0.142656 0.240588
v 1.310303 0.163990 0.240588
v 1.314517 0.188676 0.240588
v 1.318967 0.216733 0.240588
v 1.322980 0.248179 0.240588
v 1.325881 0.283032 0.240588
v 1.326998 0.321313 0.240588
v 1.325881 0.360368 0.240588
v 1.322979 0.397364 0.240588
v 1.318967 0.432045 0.240588
v 1.314517 0.464158 0.240588
v 1.310303 0.493446 0.240588
v 1.306999 0.519656 0.240588
v 1.305278 0.542533 0.240588
v 1.305814 0.561822 0.240588
v 1.309281 0.577268 0.240588
v 1.316352 0.588616 0.240588
v 1.327700 0.595611 0.240588
v 1.344000 0.598000 0.240588
v 1.362366 0.595999 0.240588
v 1.379426 0.590074 0.240588
v 1.395125 0.580344 0.240588
v 1.409407 0.566926 0.240588
v 1.422218 0.549939 0.240588
v 1.433500 0.529500 0.240588
v 1.443199 0.505728 0.240588
v 1.451259 0.478741 0.240588
v 1.457625 0.448656 0.240588
v 1.462241 0.415593 0.240588
v 1.465051 0.379668 0.240588
v 1.675000 0.569000 0.240588
v 1.686449 0.573982 0.240588
v 1.697343 0.578440 0.240588
v 1.707750 0.582391 0.240588
v 1.717741 0.585852 0.240588
v 1.727384 0.588841 0.240588
v 1.736750 0.591375 0.240588
v 1.745908 0.593472 0.240588
v 1.754926 0.595148 0.240588
v 1.763875 0.596422 0.240588
v 1.772824 0.597310 0.240588
v 1.781843 0.597830 0.240588
v 1.791000 0.598000 0.240588
v 1.806983 0.597239 0.240588
v 1.819232 0.594981 0.240588
v 1.828192 0.591264 0.240588
v 1.834311 0.586123 0.240588
v 1.838035 0.579595 0.240588
v 1.839813 0.571719 0.240588
v 1.840091 0.562529 0.240588
v 1.839316 0.552065 0.240588
v 1.837935 0.540361 0.240588
v 1.836395 0.527456 0.240588
v 1.835143 0.513386 0.240588
v 1.834627 0.498187 0.240588
v 1.835153 0.483172 0.240588
v 1.836386 0.469164 0.240588
v 1.837810 0.456221 0.240588
v 1.838909 0.444398 0.240588
v 1.839165 0.433753 0.240588
v 1.838063 0.424344 0.240588
v 1.835086 0.416226 0.240588
v 1.829718 0.409456 0.240588
v 1.821442 0.404092 0.240588
v 1.809741 0.400190 0.240588
v 1.794099 0.397807 0.240588
v 1.774000 0.397000 0.240588
v 1.774000 0.307000 0.240588
v 1.795571 0.306872 0.240588
v 1.812176 0.304134 0.240588
v 1.824405 0.299010 0.240588
v 1.832845 0.291720 0.240588
v 1.838087 0.282487 0.240588
v 1.840720 0.271531 0.240588
v 1.841331 0.259076 0.240588
v 1.840510 0.245343 0.240588
v 1.838847 0.230553 0.240588
v 1.836930 0.214928 0.240588
v 1.835348 0.198691 0.240588
v 1.834689 0.182063 0.240588
v 1.835483 0.166269 0.240588
v 1.837513 0.151882 0.240588
v 1.840254 0.138897 0.240588
v 1.843177 0.127306 0.240588
v 1.845758 0.117103 0.240588
v 1.847470 0.108281 0.240588
v 1.847785 0.100835 0.240588
v 1.846179 0.094757 0.240588
v 1.842124 0.090041 0.240588
v 1.835093 0.086681 0.240588
v 1.824561 0.084669 0.240588
v 1.810000 0.084000 0.240588
v 1.797499 0.084355 0.240588
v 1.784991 0.085421 0.240588
v 1.772469 0.087203 0.240588
v 1.759926 0.089704 0.240588
v 1.747355 0.092927 0.240588
v 1.734750 0.096875 0.240588
v 1.722103 0.101553 0.240588
v 1.709408 0.106963 0.240588
v 1.696656 0.113109 0.240588
v 1.683843 0.119995 0.240588
v 1.670960 0.127624 0.240588
v 1.658000 0.136000 0.240588
v 1.658000 0.030000 0.240588
v 1.670249 0.023981 0.240588
v 1.682491 0.018431 0.240588
v 1.694719 0.013359 0.240588
v 1.706926 0.008778 0.240588
v 1.719105 0.004696 0.240588
v 1.731250 0.001125 0.240588
v 1.743353 -0.001925 0.240588
v 1.755407 -0.004444 0.240588
v 1.767406 -0.006422 0.240588
v 1.779343 -0.007847 0.240588
v 1.791210 -0.008710 0.240588
v 1.803000 -0.009000 0.240588
v 1.833699 -0.007257 0.240588
v 1.862676 -0.002139 0.240588
v 1.889750 0.006187 0.240588
v 1.914741 0.017556 0.240588
v 1.937468 0.031799 0.240588
v 1.957750 0.048750 0.240588
v 1.975407 0.068243 0.240588
v 1.990259 0.090111 0.240588
v 2.002125 0.114188 0.240588
v 2.010824 0.140306 0.240588
v 2.016176 0.168299 0.240588
v 2.018000 0.198000 0.240588
v 2.017370 0.215491 0.240588
v 2.015463 0.232847 0.240588
v 2.012250 0.249891 0.240588
v 2.007704 0.266444 0.240588
v 2.001796 0.282332 0.240588
v 1.994500 0.297375 0.240588
v 1.985787 0.311398 0.240588
v 1.975630 0.324222 0.240588
v 1.964000 0.335672 0.240588
v 1.950871 0.345569 0.240588
v 1.936213 0.353738 0.240588
v 1.920000 0.360000 0.240588
v 1.934736 0.368701 0.240588
v 1.947972 0.377861 0.240588
v 1.959750 0.387563 0.240588
v 1.970111 0.397889 0.240588
v 1.979097 0.408924 0.240588
v 1.986750 0.420750 0.240588
v 1.993111 0.433451 0.240588
v 1.998222 0.447111 0.240588
v 2.002125 0.461813 0.240588
v 2.004861 0.477639 0.240588
v 2.006472 0.494674 0.240588
v 2.007000 0.513000 0.240588
v 2.005375 0.539190 0.240588
v 2.000583 0.563685 0.240588
v 1.992750 0.586375 0.240588
v 1.982000 0.607148 0.240588
v 1.968458 0.625894 0.240588
v 1.952250 0.642500 0.240588
v 1.933500 0.656857 0.240588
v 1.912333 0.668852 0.240588
v 1.888875 0.678375 0.240588
v 1.863250 0.685315 0.240588
v 1.835583 0.689560 0.240588
v 1.806000 0.691000 0.240588
v 1.793492 0.690811 0.240588
v 1.781435 0.690241 0.240588
v 1.769781 0.689281 0.240588
v 1.758482 0.687926 0.240588
v 1.747487 0.686168 0.240588
v 1.736750 0.684000 0.240588
v 1.726221 0.681415 0.240588
v 1.715852 0.678407 0.240588
v 1.705594 0.674969 0.240588
v 1.695398 0.671093 0.240588
v 1.685217 0.666772 0.240588
v 1.675000 0.662000 0.240588
v 2.584000 0.682000 0.240588
v 2.143000 0.682000 0.240588
v 2.143000 0.589000 0.240588
v 2.438000 0.589000 0.240588
v 2.188000 0.029000 0.240588
v 2.275000 -0.009000 0.240588
vn -0.0000 -0.0000 -1.0000
vn -0.6127 0.7903 -0.0000
vn -0.7071 0.7071 -0.0000
vn 0.9923 -0.1242 -0.0000
vn 0.9870 -0.1607 -0.0000
vn 0.4246 0.9054 -0.0000
vn 0.3603 0.9328 -0.0000
vn 1.0000 0.0001 -0.0000
vn 0.9918 0.1275 -0.0000
vn 0.7071 0.7071 -0.0000
vn 0.6127 0.7903 -0.0000
vn 0.5085 -0.8611 -0.0000
vn 0.5391 -0.8422 -0.0000
vn -0.9432 0.3324 -0.0000
vn -0.9022 0.4313 -0.0000
vn -0.9999 -0.0104 -0.0000
vn -1.0000 0.0080 -0.0000
vn -0.5076 0.8616 -0.0000
vn 0.9815 -0.1912 -0.0000
vn 0.9961 -0.0883 -0.0000
vn 0.6029 -0.7978 -0.0000
vn 0.9662 0.2577 -0.0000
vn 0.5076 0.8616 -0.0000
vn 0.9867 -0.1625 -0.0000
vn 0.6716 -0.7409 -0.0000
vn -0.9977 -0.0677 -0.0000
vn -0.3923 0.9198 -0.0000
vn 0.3923 0.9198 -0.0000
vn -0.9717 -0.2361 -0.0000
vn -0.9447 -0.3280 -0.0000
vn -1.0000 -0.0000 -0.0000
vn -0.9842 -0.1768 -0.0000
vn 0.9216 0.3882 -0.0000
vn -0.9691 0.2468 -0.0000
vn -0.0955 0.9954 -0.0000
vn -0.0401 0.9992 -0.0000
vn -0.2679 0.9634 -0.0000
vn 0.9899 -0.1416 -0.0000
vn 0.7417 -0.6708 -0.0000
vn 0.2679 0.9634 -0.0000
vn -0.9365 -0.3506 -0.0000
vn -0.9850 0.1727 -0.0000
vn -0.2343 0.9722 -0.0000
vn -0.8153 -0.5791 -0.0000
vn -0.1361 0.9907 -0.0000
vn 0.8572 0.5150 -0.0000
vn 0.1360 0.9907 -0.0000
vn -0.9885 -0.1513 -0.0000
vn -0.4336 0.9011 -0.0000
vn 0.9945 -0.1048 -0.0000
vn 0.8087 -0.5882 -0.0000
vn -0.0000 1.0000 -0.0000
vn -0.6001 -0.7999 -0.0000
vn 0.9999 -0.0145 -0.0000
vn -0.6726 0.7400 -0.0000
vn -0.3413 -0.9400 -0.0000
vn 1.0000 -0.0000 -0.0000
vn -0.0000 -1.0000 -0.0000
vn -0.9941 0.1082 -0.0000
vn -0.8723 0.4890 -0.0000
vn -0.1163 -0.9932 -0.0000
vn 0.9984 -0.0561 -0.0000
vn 0.8682 -0.4963 -0.0000
vn 0.7736 0.6337 -0.0000
vn -0.0362 -0.9993 -0.0000
vn 0.0211 -0.9998 -0.0000
vn -0.0750 -0.9972 -0.0000
vn 0.9193 -0.3936 -0.0000
vn 0.9833 -0.1822 -0.0000
vn -0.9973 -0.0730 -0.0000
vn 0.1210 -0.9927 -0.0000
vn -0.9727 0.2319 -0.0000
vn 0.0461 -0.9989 -0.0000
vn 0.9167 -0.3997 -0.0000
vn 0.6727 0.7399 -0.0000
vn 0.9978 0.0670 -0.0000
vn -0.9987 0.0513 -0.0000
vn 1.0000 -0.0003 -0.0000
vn -0.1165 -0.9932 -0.0000
vn 0.9936 0.1131 -0.0000
vn -0.9989 0.0462 -0.0000
vn 0.1562 -0.9877 -0.0000
vn 0.9991 0.0433 -0.0000
vn -0.1596 -0.9872 -0.0000
vn 0.5581 0.8297 -0.0000
vn 0.9906 0.1367 -0.0000
vn -0.9983 -0.0584 -0.0000
vn -0.2033 -0.9791 -0.0000
vn 0.9527 -0.3039 -0.0000
vn 0.9904 0.1385 -0.0000
vn 0.2438 -0.9698 -0.0000
vn 0.2004 -0.9797 -0.0000
vn 0.4344 0.9007 -0.0000
vn 0.9932 0.1161 -0.0000
vn -0.9949 -0.1010 -0.0000
vn 0.9986 0.0534 -0.0000
vn -0.2467 -0.9691 -0.0000
vn 0.9769 -0.2137 -0.0000
vn 0.3066 0.9518 -0.0000
vn 0.9980 0.0624 -0.0000
vn -0.2886 -0.9574 -0.0000
vn 0.1796 0.9837 -0.0000
vn 0.9993 -0.0368 -0.0000
vn -0.9987 -0.0513 -0.0000
vn 0.3660 -0.9306 -0.0000
vn -0.9951 -0.0985 -0.0000
vn 0.9947 0.1024 -0.0000
vn 0.9912 -0.1324 -0.0000
vn 0.0572 0.9984 -0.0000
vn -0.3282 -0.9446 -0.0000
vn -0.9973 0.0730 -0.0000
vn -0.9981 -0.0614 -0.0000
vn -0.0023 1.0000 -0.0000
vn 0.9787 -0.2052 -0.0000
vn 0.9953 0.0966 -0.0000
vn -0.3647 -0.9311 -0.0000
vn 0.9981 -0.0615 -0.0000
vn 0.8871 -0.4617 -0.0000
vn -0.3978 -0.9175 -0.0000
vn -0.9941 -0.1082 -0.0000
vn 0.4846 -0.8747 -0.0000
vn -1.0000 -0.0005 -0.0000
vn 0.9920 0.1261 -0.0000
vn 0.9999 0.0166 -0.0000
vn -0.8475 0.5309 -0.0000
vn -0.8589 0.5121 -0.0000
vn 0.6561 -0.7547 -0.0000
vn 0.9855 0.1699 -0.0000
vn -0.4271 -0.9042 -0.0000
vn -0.9981 0.0613 -0.0000
vn 0.3172 -0.9483 -0.0000
vn -0.4408 -0.8976 -0.0000
vn -0.9885 0.1513 -0.0000
vn 0.5967 -0.8025 -0.0000
vn -0.9946 0.1036 -0.0000
vn -0.4003 -0.9164 -0.0000
vn -0.0336 -0.9994 -0.0000
vn 0.9919 0.1272 -0.0000
vn -0.9131 0.4077 -0.0000
vn -0.9850 -0.1727 -0.0000
vn 0.6992 -0.7149 -0.0000
vn 0.9129 -0.4082 -0.0000
vn 0.9902 0.1398 -0.0000
vn -0.8215 0.5702 -0.0000
vn 0.7896 -0.6137 -0.0000
vn -0.9930 0.1178 -0.0000
vn -0.3103 -0.9506 -0.0000
vn -0.9691 -0.2468 -0.0000
vn -0.9954 0.0956 -0.0000
vn 0.9696 0.2448 -0.0000
vn -0.0233 0.9997 -0.0000
vn 0.0564 0.9984 -0.0000
vn -0.7896 0.6136 -0.0000
vn -0.9998 0.0218 -0.0000
vn 0.9981 -0.0608 -0.0000
vn 0.9657 0.2598 -0.0000
vn -0.0486 -0.9988 -0.0000
vn 0.0161 -0.9999 -0.0000
vn -0.6828 -0.7306 -0.0000
vn -0.6877 -0.7260 -0.0000
vn -0.9717 0.2361 -0.0000
vn -0.1780 0.9840 -0.0000
vn -0.0956 -0.9954 -0.0000
vn 0.9910 0.1337 -0.0000
vn 0.1120 0.9937 -0.0000
vn 0.1155 -0.9933 -0.0000
vn -0.6733 -0.7394 -0.0000
vn -0.9921 -0.1258 -0.0000
vn 0.1665 0.9860 -0.0000
vn -0.6638 -0.7479 -0.0000
vn -0.9432 -0.3324 -0.0000
vn -0.9322 -0.3619 -0.0000
vn -0.1406 -0.9901 -0.0000
vn 0.9950 0.1001 -0.0000
vn -0.6535 -0.7570 -0.0000
vn -0.4202 0.9074 -0.0000
vn -0.7679 -0.6406 -0.0000
vn -0.1836 -0.9830 -0.0000
vn 0.9446 0.3283 -0.0000
vn 0.2193 0.9757 -0.0000
vn 0.9191 0.3940 -0.0000
vn 0.2344 -0.9721 -0.0000
vn -0.6413 -0.7673 -0.0000
vn 0.2702 0.9628 -0.0000
vn -0.6261 -0.7798 -0.0000
vn -0.9447 0.3280 -0.0000
vn -0.5193 -0.8546 -0.0000
vn -0.2245 -0.9745 -0.0000
vn -0.6060 -0.7955 -0.0000
vn -0.9022 -0.4313 -0.0000
vn -0.6930 0.7210 -0.0000
vn -0.2838 -0.9589 -0.0000
vn -0.2633 -0.9647 -0.0000
vn 0.9997 0.0236 -0.0000
vn 0.8654 -0.5012 -0.0000
vn -0.5777 -0.8162 -0.0000
vn -0.1147 -0.9934 -0.0000
vn -0.3000 -0.9539 -0.0000
vn 0.3189 0.9478 -0.0000
vn 0.8517 0.5240 -0.0000
vn 0.3547 -0.9350 -0.0000
vn -0.5346 -0.8451 -0.0000
vn -0.8391 -0.5440 -0.0000
vn 0.9923 -0.1240 -0.0000
vn 0.3652 0.9309 -0.0000
vn -0.4608 -0.8875 -0.0000
vn -0.0145 -0.9999 -0.0000
vn -0.3346 -0.9424 -0.0000
vn 0.9070 0.4212 -0.0000
vn -0.8952 0.4457 -0.0000
vn 0.0381 -0.9993 -0.0000
vn -0.3673 -0.9301 -0.0000
vn 0.4090 0.9126 -0.0000
vn 0.7652 0.6438 -0.0000
vn 0.4736 -0.8807 -0.0000
vn -0.9040 0.4275 -0.0000
vn 0.4502 0.8930 -0.0000
vn -0.7502 0.6612 -0.0000
vn -0.7443 -0.6679 -0.0000
vn 0.0782 -0.9969 -0.0000
vn -0.3981 -0.9174 -0.0000
vn 0.6736 0.7391 -0.0000
vn 0.6585 0.7526 -0.0000
vn 0.9253 -0.3793 -0.0000
vn -0.9824 0.1866 -0.0000
vn 0.1199 -0.9928 -0.0000
vn -0.4270 -0.9042 -0.0000
vn 0.4888 0.8724 -0.0000
vn -0.7015 0.7127 -0.0000
vn -0.6088 -0.7933 -0.0000
vn 0.1619 -0.9868 -0.0000
vn -0.4410 -0.8975 -0.0000
vn 0.6257 0.7800 -0.0000
vn 0.7054 -0.7088 -0.0000
vn 0.9249 -0.3802 -0.0000
vn 0.6635 0.7482 -0.0000
vn 0.5875 -0.8092 -0.0000
vn 0.5879 0.8089 -0.0000
vn 0.6929 -0.7211 -0.0000
vn -0.4301 -0.9028 -0.0000
vn -1.0000 0.0081 -0.0000
vn 0.2030 -0.9792 -0.0000
vn 0.8521 0.5235 -0.0000
vn 0.5248 0.8512 -0.0000
vn 0.7861 -0.6181 -0.0000
vn -0.6414 0.7672 -0.0000
vn 0.2422 -0.9702 -0.0000
vn 0.5444 0.8388 -0.0000
vn 0.5421 0.8403 -0.0000
vn 0.5518 0.8340 -0.0000
vn -0.8456 0.5339 -0.0000
vn -0.0088 1.0000 -0.0000
vn 0.0567 0.9984 -0.0000
vn 0.3419 -0.9397 -0.0000
vn -0.5679 0.8231 -0.0000
vn 0.2787 -0.9604 -0.0000
vn 0.4949 0.8690 -0.0000
vn -0.9955 -0.0947 -0.0000
vn -0.1170 0.9931 -0.0000
vn -0.2196 -0.9756 -0.0000
vn 0.9672 -0.2542 -0.0000
vn 0.3117 -0.9502 -0.0000
vn 0.1130 0.9936 -0.0000
vn 0.4390 0.8985 -0.0000
vn 0.0185 -0.9998 -0.0000
vn -0.9897 -0.1431 -0.0000
vn 0.3412 -0.9400 -0.0000
vn -0.3120 0.9501 -0.0000
vn -0.4795 0.8775 -0.0000
vn 0.1683 0.9857 -0.0000
vn 0.7741 0.6330 -0.0000
vn -0.9884 -0.1521 -0.0000
vn 0.3668 -0.9303 -0.0000
vn 0.9920 -0.1264 -0.0000
vn 0.2220 0.9750 -0.0000
vn 0.3889 -0.9213 -0.0000
vn -0.9916 -0.1291 -0.0000
vn 0.3990 -0.9169 -0.0000
vn -0.6077 0.7941 -0.0000
vn 0.3767 0.9263 -0.0000
vn -0.7647 0.6444 -0.0000
vn 0.8642 -0.5032 -0.0000
vn 0.6677 0.7444 -0.0000
vn -0.4070 0.9134 -0.0000
vn -0.4232 0.9060 -0.0000
vn 0.2737 0.9618 -0.0000
vn -0.3758 0.9267 -0.0000
vn 0.4355 0.9002 -0.0000
vn 0.3086 0.9512 -0.0000
vn -0.6569 0.7540 -0.0000
vn 0.5301 0.8479 -0.0000
vn -0.8850 0.4656 -0.0000
vn 0.2353 0.9719 -0.0000
vn -0.3731 0.9278 -0.0000
vn 0.3230 0.9464 -0.0000
vn -0.5205 0.8539 -0.0000
vn -0.3367 0.9416 -0.0000
vn -0.2585 0.9660 -0.0000
vn 0.3648 0.9311 -0.0000
vn 0.3194 0.9476 -0.0000
vn -0.9942 0.1078 -0.0000
vn 0.1584 0.9874 -0.0000
vn 0.3696 0.9292 -0.0000
vn -0.3587 0.9335 -0.0000
vn -0.2983 0.9545 -0.0000
vn 0.4132 0.9106 -0.0000
vn -0.1314 0.9913 -0.0000
vn 0.1832 0.9831 -0.0000
vn 0.0794 0.9968 -0.0000
vn -0.2586 0.9660 -0.0000
vn -0.9932 -0.1167 -0.0000
vn -0.0132 0.9999 -0.0000
vn -0.1810 0.9835 -0.0000
vn -0.2182 0.9759 -0.0000
vn 0.4539 0.8911 -0.0000
vn 0.0003 1.0000 -0.0000
vn 0.2069 0.9784 -0.0000
vn 0.9250 -0.3799 -0.0000
vn 0.0320 -0.9995 -0.0000
vn 0.1361 -0.9907 -0.0000
vn -0.1779 0.9840 -0.0000
vn -0.1361 -0.9907 -0.0000
vn -0.9760 -0.2179 -0.0000
vn -0.1385 0.9904 -0.0000
vn 0.4916 0.8708 -0.0000
vn -0.9861 0.1660 -0.0000
vn -0.2679 -0.9634 -0.0000
vn 0.2679 -0.9634 -0.0000
vn -0.1006 0.9949 -0.0000
vn -0.7133 -0.7008 -0.0000
vn 0.1003 0.9950 -0.0000
vn -0.9695 -0.2449 -0.0000
vn 0.6178 0.7863 -0.0000
vn 0.5263 0.8503 -0.0000
vn -0.3923 -0.9198 -0.0000
vn 0.6348 -0.7727 -0.0000
vn 0.3923 -0.9198 -0.0000
vn -0.0647 0.9979 -0.0000
vn 0.5428 0.8399 -0.0000
vn -0.0312 0.9995 -0.0000
vn -0.5076 -0.8616 -0.0000
vn 0.0168 0.9999 -0.0000
vn -0.7416 0.6708 -0.0000
vn 0.5076 -0.8616 -0.0000
vn -0.9742 -0.2256 -0.0000
vn 0.9676 -0.2524 -0.0000
vn -0.0055 -1.0000 -0.0000
vn 0.0312 -0.9995 -0.0000
vn -0.6127 -0.7903 -0.0000
vn -0.0500 -0.9988 -0.0000
vn 0.6127 -0.7903 -0.0000
vn 0.1261 -0.9920 -0.0000
vn -0.9849 -0.1732 -0.0000
vn -0.9955 -0.0951 -0.0000
vn -0.7071 -0.7071 -0.0000
vn -0.1810 -0.9835 -0.0000
vn 0.9922 -0.1248 -0.0000
vn 0.7071 -0.7071 -0.0000
vn 0.2858 -0.9583 -0.0000
vn -1.0000 -0.0053 -0.0000
vn -0.7903 -0.6127 -0.0000
vn -0.3587 -0.9335 -0.0000
vn 0.9999 -0.0127 -0.0000
vn 0.7903 -0.6127 -0.0000
vn 0.4956 -0.8685 -0.0000
vn -0.9977 0.0683 -0.0000
vn -0.8616 -0.5076 -0.0000
vn -0.5205 -0.8539 -0.0000
vn 0.8616 -0.5076 -0.0000
vn 0.7049 -0.7094 -0.0000
vn -0.9940 0.1094 -0.0000
vn 0.9974 0.0727 -0.0000
vn -0.9198 -0.3923 -0.0000
vn -0.6569 -0.7540 -0.0000
vn 0.9198 -0.3923 -0.0000
vn 0.8580 -0.5136 -0.0000
vn -0.9932 0.1168 -0.0000
vn 0.9891 0.1474 -0.0000
vn -0.9634 -0.2679 -0.0000
vn -0.7647 -0.6444 -0.0000
vn 0.9634 -0.2679 -0.0000
vn 0.9431 -0.3326 -0.0000
vn -0.9963 0.0857 -0.0000
vn 0.9743 0.2252 -0.0000
vn -0.9907 -0.1361 -0.0000
vn -0.0049 1.0000 -0.0000
vn 0.2488 0.9686 -0.0000
vn 0.9907 -0.1360 -0.0000
vn -1.0000 0.0053 -0.0000
vn 0.9517 0.3070 -0.0000
vn -0.2196 0.9756 -0.0000
vn -0.8456 -0.5339 -0.0000
vn -0.9899 -0.1419 -0.0000
vn 0.5884 0.8086 -0.0000
vn 0.9196 0.3929 -0.0000
vn -0.9907 0.1360 -0.0000
vn 0.9907 0.1360 -0.0000
vn -0.4301 0.9028 -0.0000
vn -0.9301 -0.3673 -0.0000
vn 0.8746 0.4848 -0.0000
vn -0.7729 -0.6345 -0.0000
vn -0.9634 0.2679 -0.0000
vn 0.8758 0.4827 -0.0000
vn 0.9634 0.2679 -0.0000
vn -0.6088 0.7933 -0.0000
vn 0.9863 0.1652 -0.0000
vn -0.5266 -0.8501 -0.0000
vn -0.9198 0.3923 -0.0000
vn 0.9198 0.3923 -0.0000
vn -0.7443 0.6679 -0.0000
vn -0.2765 -0.9610 -0.0000
vn -0.9040 -0.4275 -0.0000
vn -0.0846 -0.9964 -0.0000
vn -0.8616 0.5076 -0.0000
vn 0.9996 -0.0294 -0.0000
vn 0.8180 0.5753 -0.0000
vn 0.8616 0.5075 -0.0000
vn -0.0060 -1.0000 -0.0000
vn -0.0000 -0.0000 1.0000
vn -0.0001 -0.0000 1.0000
vn 0.0001 -0.0000 1.0000
vn -0.9999 -0.0173 -0.0000
vn 0.5457 0.8380 -0.0000
vn -0.9971 -0.0767 -0.0000
vn -0.8391 0.5440 -0.0000
vn 0.7903 0.6127 -0.0000
vn 0.6532 0.7572 -0.0000
vn -0.7903 0.6127 -0.0000
vn 0.7442 0.6680 -0.0000
vt 0.180587 0.000000
vt 0.178330 0.000000
vt 0.176072 0.000000
vt 0.187359 0.000000
vt 0.185102 0.000000
vt 0.182844 0.000000
vt 0.194131 0.000000
vt 0.191874 0.000000
vt 0.189616 0.000000
vt 0.196388 0.000000
vt 0.291196 0.000000
vt 0.288939 0.000000
vt 0.286682 0.000000
vt 0.284424 0.000000
vt 0.293454 0.000000
vt 0.282167 0.000000
vt 0.295711 0.000000
vt 0.279910 0.000000
vt 0.277652 0.000000
vt 0.297968 0.000000
vt 0.275395 0.000000
vt 0.200903 0.000000
vt 0.198646 0.000000
vt 0.320542 0.000000
vt 0.318284 0.000000
vt 0.300226 0.000000
vt 0.273138 0.000000
vt 0.270880 0.000000
vt 0.302483 0.000000
vt 0.268623 0.000000
vt 0.304740 0.000000
vt 0.266366 0.000000
vt 0.264108 0.000000
vt 0.306998 0.000000
vt 0.261851 0.000000
vt 0.309255 0.000000
vt 0.234763 0.000000
vt 0.237020 0.000000
vt 0.239278 0.000000
vt 0.241535 0.000000
vt 0.243792 0.000000
vt 0.246050 0.000000
vt 0.248307 0.000000
vt 0.250564 0.000000
vt 0.252822 0.000000
vt 0.255079 0.000000
vt 0.257336 0.000000
vt 0.259594 0.000000
vt 0.311512 0.000000
vt 0.232506 0.000000
vt 0.313770 0.000000
vt 0.230248 0.000000
vt 0.227991 0.000000
vt 0.225734 0.000000
vt 0.316027 0.000000
vt 0.223476 0.000000
vt 0.221219 0.000000
vt 0.218962 0.000000
vt 0.216704 0.000000
vt 0.214447 0.000000
vt 0.212190 0.000000
vt 0.209932 0.000000
vt 0.207675 0.000000
vt 0.205418 0.000000
vt 0.203160 0.000000
vt 0.327314 0.000000
vt 0.325056 0.000000
vt 0.322799 0.000000
vt 0.329571 0.000000
vt 0.361174 0.000000
vt 0.358916 0.000000
vt 0.356659 0.000000
vt 0.354402 0.000000
vt 0.363431 0.000000
vt 0.352144 0.000000
vt 0.365688 0.000000
vt 0.349887 0.000000
vt 0.367946 0.000000
vt 0.347630 0.000000
vt 0.370203 0.000000
vt 0.345372 0.000000
vt 0.372460 0.000000
vt 0.343115 0.000000
vt 0.374718 0.000000
vt 0.340858 0.000000
vt 0.376975 0.000000
vt 0.338600 0.000000
vt 0.379232 0.000000
vt 0.336343 0.000000
vt 0.381490 0.000000
vt 0.334086 0.000000
vt 0.383747 0.000000
vt 0.331828 0.000000
vt 0.386005 0.000000
vt 0.388262 0.000000
vt 0.437923 0.000000
vt 0.435666 0.000000
vt 0.390519 0.000000
vt 0.433409 0.000000
vt 0.392777 0.000000
vt 0.431151 0.000000
vt 0.395034 0.000000
vt 0.428894 0.000000
vt 0.397291 0.000000
vt 0.426637 0.000000
vt 0.399549 0.000000
vt 0.424379 0.000000
vt 0.401806 0.000000
vt 0.422122 0.000000
vt 0.404063 0.000000
vt 0.419865 0.000000
vt 0.406321 0.000000
vt 0.417607 0.000000
vt 0.408578 0.000000
vt 0.415350 0.000000
vt 0.410835 0.000000
vt 0.413093 0.000000
vt 0.469526 0.000000
vt 0.467269 0.000000
vt 0.465011 0.000000
vt 0.471783 0.000000
vt 0.462754 0.000000
vt 0.474041 0.000000
vt 0.460497 0.000000
vt 0.476298 0.000000
vt 0.458239 0.000000
vt 0.478555 0.000000
vt 0.455982 0.000000
vt 0.480813 0.000000
vt 0.629797 0.000000
vt 0.453725 0.000000
vt 0.627540 0.000000
vt 0.632054 0.000000
vt 0.634311 0.000000
vt 0.625282 0.000000
vt 0.483070 0.000000
vt 0.451467 0.000000
vt 0.636569 0.000000
vt 0.623025 0.000000
vt 0.638826 0.000000
vt 0.620767 0.000000
vt 0.641084 0.000000
vt 0.485327 0.000000
vt 0.449210 0.000000
vt 0.618510 0.000000
vt 0.643341 0.000000
vt 0.616253 0.000000
vt 0.645598 0.000000
vt 0.487585 0.000000
vt 0.446953 0.000000
vt 0.613995 0.000000
vt 0.647856 0.000000
vt 0.611738 0.000000
vt 0.489842 0.000000
vt 0.444695 0.000000
vt 0.650113 0.000000
vt 0.609481 0.000000
vt 0.652370 0.000000
vt 0.492099 0.000000
vt 0.442438 0.000000
vt 0.607223 0.000000
vt 0.654628 0.000000
vt 0.604966 0.000000
vt 0.494357 0.000000
vt 0.440181 0.000000
vt 0.548533 0.000000
vt 0.602709 0.000000
vt 0.496614 0.000000
vt 0.550790 0.000000
vt 0.546275 0.000000
vt 0.600451 0.000000
vt 0.553047 0.000000
vt 0.498871 0.000000
vt 0.598194 0.000000
vt 0.555305 0.000000
vt 0.544018 0.000000
vt 0.595937 0.000000
vt 0.501129 0.000000
vt 0.557562 0.000000
vt 0.593679 0.000000
vt 0.559819 0.000000
vt 0.503386 0.000000
vt 0.591422 0.000000
vt 0.541761 0.000000
vt 0.562077 0.000000
vt 0.589165 0.000000
vt 0.505643 0.000000
vt 0.564334 0.000000
vt 0.586907 0.000000
vt 0.566591 0.000000
vt 0.539503 0.000000
vt 0.584650 0.000000
vt 0.507901 0.000000
vt 0.568849 0.000000
vt 0.582393 0.000000
vt 0.571106 0.000000
vt 0.580135 0.000000
vt 0.573363 0.000000
vt 0.577878 0.000000
vt 0.510158 0.000000
vt 0.575621 0.000000
vt 0.537246 0.000000
vt 0.512415 0.000000
vt 0.534989 0.000000
vt 0.514673 0.000000
vt 0.532731 0.000000
vt 0.516930 0.000000
vt 0.530474 0.000000
vt 0.519187 0.000000
vt 0.528217 0.000000
vt 0.521445 0.000000
vt 0.525959 0.000000
vt 0.523702 0.000000
vt 0.961625 0.000000
vt 0.959368 0.000000
vt 0.957111 0.000000
vt 0.963883 0.000000
vt 0.966140 0.000000
vt 0.954853 0.000000
vt 0.968397 0.000000
vt 0.970655 0.000000
vt 0.972912 0.000000
vt 0.952596 0.000000
vt 0.975169 0.000000
vt 0.977427 0.000000
vt 0.979684 0.000000
vt 0.950339 0.000000
vt 0.981941 0.000000
vt 0.984199 0.000000
vt 0.948081 0.000000
vt 0.986456 0.000000
vt 0.656885 0.000000
vt 0.659142 0.000000
vt 0.661400 0.000000
vt 0.663657 0.000000
vt 0.665914 0.000000
vt 0.668172 0.000000
vt 0.670429 0.000000
vt 0.945824 0.000000
vt 0.672686 0.000000
vt 0.674944 0.000000
vt 0.943567 0.000000
vt 0.677201 0.000000
vt 0.679458 0.000000
vt 0.681716 0.000000
vt 0.941309 0.000000
vt 0.683973 0.000000
vt 0.686230 0.000000
vt 0.939052 0.000000
vt 0.688488 0.000000
vt 0.690745 0.000000
vt 0.693002 0.000000
vt 0.936795 0.000000
vt 0.695260 0.000000
vt 0.697517 0.000000
vt 0.699774 0.000000
vt 0.934537 0.000000
vt 0.702032 0.000000
vt 0.704289 0.000000
vt 0.706546 0.000000
vt 0.932280 0.000000
vt 0.708804 0.000000
vt 0.711061 0.000000
vt 0.930023 0.000000
vt 0.713318 0.000000
vt 0.927765 0.000000
vt 0.715576 0.000000
vt 0.925508 0.000000
vt 0.717833 0.000000
vt 0.923251 0.000000
vt 0.720090 0.000000
vt 0.920993 0.000000
vt 0.722348 0.000000
vt 0.724605 0.000000
vt 0.918736 0.000000
vt 0.726862 0.000000
vt 0.916479 0.000000
vt 0.729120 0.000000
vt 0.731377 0.000000
vt 0.914221 0.000000
vt 0.733634 0.000000
vt 0.735892 0.000000
vt 0.911964 0.000000
vt 0.738149 0.000000
vt 0.740406 0.000000
vt 0.909707 0.000000
vt 0.907449 0.000000
vt 0.905192 0.000000
vt 0.902935 0.000000
vt 0.900677 0.000000
vt 0.898420 0.000000
vt 0.896163 0.000000
vt 0.893905 0.000000
vt 0.742664 0.000000
vt 0.891648 0.000000
vt 0.744921 0.000000
vt 0.747178 0.000000
vt 0.749436 0.000000
vt 0.889391 0.000000
vt 0.751693 0.000000
vt 0.753950 0.000000
vt 0.887133 0.000000
vt 0.756208 0.000000
vt 0.884876 0.000000
vt 0.758465 0.000000
vt 0.882618 0.000000
vt 0.760722 0.000000
vt 0.880361 0.000000
vt 0.762980 0.000000
vt 0.878104 0.000000
vt 0.765237 0.000000
vt 0.767494 0.000000
vt 0.875847 0.000000
vt 0.769752 0.000000
vt 0.873589 0.000000
vt 0.772009 0.000000
vt 0.774266 0.000000
vt 0.871332 0.000000
vt 0.776524 0.000000
vt 0.823928 0.000000
vt 0.821670 0.000000
vt 0.819413 0.000000
vt 0.817156 0.000000
vt 0.778781 0.000000
vt 0.814898 0.000000
vt 0.781038 0.000000
vt 0.869074 0.000000
vt 0.812641 0.000000
vt 0.783296 0.000000
vt 0.810384 0.000000
vt 0.808126 0.000000
vt 0.785553 0.000000
vt 0.805869 0.000000
vt 0.787810 0.000000
vt 0.803612 0.000000
vt 0.866817 0.000000
vt 0.790068 0.000000
vt 0.801354 0.000000
vt 0.799097 0.000000
vt 0.792325 0.000000
vt 0.796840 0.000000
vt 0.794582 0.000000
vt 0.864560 0.000000
vt 0.862302 0.000000
vt 0.860045 0.000000
vt 0.826185 0.000000
vt 0.828442 0.000000
vt 0.830700 0.000000
vt 0.857788 0.000000
vt 0.832957 0.000000
vt 0.835214 0.000000
vt 0.855531 0.000000
vt 0.837472 0.000000
vt 0.839729 0.000000
vt 0.841986 0.000000
vt 0.853273 0.000000
vt 0.844244 0.000000
vt 0.846501 0.000000
vt 0.851016 0.000000
vt 0.848758 0.000000
vt 0.993228 0.000000
vt 0.990971 0.000000
vt 0.988713 0.000000
vt 0.995485 0.000000
vt 1.000000 0.000000
vt 0.997743 0.000000
vt 0.004515 0.000000
vt 0.002257 0.000000
vt 0.171558 0.000000
vt 0.000000 0.000000
vt 0.173815 0.000000
vt 0.169300 0.000000
vt 0.167043 0.000000
vt 0.164786 0.000000
vt 0.162528 0.000000
vt 0.160271 0.000000
vt 0.158014 0.000000
vt 0.006772 0.000000
vt 0.155756 0.000000
vt 0.009029 0.000000
vt 0.153499 0.000000
vt 0.011287 0.000000
vt 0.151242 0.000000
vt 0.013544 0.000000
vt 0.015801 0.000000
vt 0.018059 0.000000
vt 0.148984 0.000000
vt 0.020316 0.000000
vt 0.022573 0.000000
vt 0.146727 0.000000
vt 0.024831 0.000000
vt 0.027088 0.000000
vt 0.144470 0.000000
vt 0.029345 0.000000
vt 0.142212 0.000000
vt 0.031603 0.000000
vt 0.033860 0.000000
vt 0.139955 0.000000
vt 0.036117 0.000000
vt 0.038375 0.000000
vt 0.137698 0.000000
vt 0.040632 0.000000
vt 0.042889 0.000000
vt 0.135440 0.000000
vt 0.045147 0.000000
vt 0.088036 0.000000
vt 0.085779 0.000000
vt 0.083521 0.000000
vt 0.081264 0.000000
vt 0.047404 0.000000
vt 0.133183 0.000000
vt 0.079007 0.000000
vt 0.049661 0.000000
vt 0.076749 0.000000
vt 0.074492 0.000000
vt 0.051919 0.000000
vt 0.072235 0.000000
vt 0.069977 0.000000
vt 0.130926 0.000000
vt 0.054176 0.000000
vt 0.067720 0.000000
vt 0.065463 0.000000
vt 0.056433 0.000000
vt 0.063205 0.000000
vt 0.060948 0.000000
vt 0.058691 0.000000
vt 0.128668 0.000000
vt 0.126411 0.000000
vt 0.124154 0.000000
vt 0.090293 0.000000
vt 0.092551 0.000000
vt 0.121896 0.000000
vt 0.094808 0.000000
vt 0.097065 0.000000
vt 0.099323 0.000000
vt 0.119639 0.000000
vt 0.101580 0.000000
vt 0.103837 0.000000
vt 0.117381 0.000000
vt 0.106095 0.000000
vt 0.108352 0.000000
vt 0.110609 0.000000
vt 0.115124 0.000000
vt 0.112867 0.000000
vt 0.011755 0.464513
vt 0.110591 0.535804
vt 0.076241 0.535804
vt 0.026399 0.466639
vt 0.123553 0.390305
vt 0.084667 0.390305
vt -0.055950 0.388179
vt 0.010459 0.611308
vt -0.018382 0.611308
vt 0.010459 0.390305
vt 0.207313 0.538495
vt 0.213626 0.538606
vt 0.210722 0.538721
vt 0.216509 0.538260
vt 0.203889 0.537810
vt 0.219376 0.537683
vt 0.200449 0.536650
vt 0.222232 0.536872
vt 0.225084 0.535828
vt 0.196992 0.535000
vt 0.227938 0.534548
vt 0.139107 0.390305
vt 0.167948 0.535804
vt 0.139107 0.535804
vt 0.167948 0.502427
vt 0.193518 0.532846
vt 0.230798 0.533033
vt 0.233670 0.531279
vt 0.190024 0.530174
vt 0.236560 0.529288
vt 0.186510 0.526968
vt 0.239474 0.527056
vt 0.242418 0.524584
vt 0.182974 0.523214
vt 0.245396 0.521870
vt 0.179416 0.518898
vt 0.205312 0.510750
vt 0.207962 0.509550
vt 0.211106 0.507697
vt 0.214630 0.505309
vt 0.218422 0.502507
vt 0.222368 0.499409
vt 0.226354 0.496136
vt 0.230267 0.492808
vt 0.233994 0.489542
vt 0.237422 0.486460
vt 0.240436 0.483681
vt 0.242925 0.481323
vt 0.175834 0.514004
vt 0.203269 0.511176
vt 0.172228 0.508519
vt 0.198980 0.510578
vt 0.195890 0.508861
vt 0.193841 0.506147
vt 0.168596 0.502427
vt 0.192677 0.502554
vt 0.192240 0.498203
vt 0.192373 0.493212
vt 0.192917 0.487701
vt 0.193715 0.481790
vt 0.194611 0.475598
vt 0.195445 0.469245
vt 0.196061 0.462850
vt 0.196302 0.456533
vt 0.167948 0.390305
vt 0.266135 0.390305
vt 0.294976 0.535804
vt 0.266135 0.535804
vt 0.294976 0.390305
vt 0.278405 0.596891
vt 0.283029 0.596891
vt 0.280717 0.597050
vt 0.285253 0.596430
vt 0.276182 0.596430
vt 0.287366 0.595688
vt 0.274069 0.595688
vt 0.289347 0.594685
vt 0.272088 0.594685
vt 0.291175 0.593444
vt 0.270260 0.593444
vt 0.292829 0.591986
vt 0.268606 0.591986
vt 0.294287 0.590333
vt 0.267148 0.590333
vt 0.295528 0.588504
vt 0.265907 0.588504
vt 0.296530 0.586523
vt 0.264905 0.586523
vt 0.297273 0.584410
vt 0.264162 0.584410
vt 0.297734 0.582187
vt 0.263701 0.582187
vt 0.297892 0.579875
vt 0.263543 0.579875
vt 0.263701 0.577563
vt 0.297734 0.577563
vt 0.297273 0.575340
vt 0.264162 0.575340
vt 0.296530 0.573227
vt 0.264905 0.573227
vt 0.295528 0.571246
vt 0.265907 0.571246
vt 0.294287 0.569417
vt 0.267148 0.569417
vt 0.292829 0.567764
vt 0.268606 0.567764
vt 0.291175 0.566306
vt 0.270260 0.566306
vt 0.289347 0.565065
vt 0.272088 0.565065
vt 0.287366 0.564062
vt 0.274069 0.564062
vt 0.285253 0.563320
vt 0.276182 0.563320
vt 0.283029 0.562859
vt 0.278405 0.562859
vt 0.280717 0.562700
vt 0.386663 0.613292
vt 0.407388 0.613291
vt 0.397052 0.614224
vt 0.376919 0.610549
vt 0.416994 0.610545
vt 0.367867 0.606073
vt 0.425850 0.606065
vt 0.359558 0.599942
vt 0.433934 0.599930
vt 0.352041 0.592237
vt 0.441227 0.592220
vt 0.345366 0.583035
vt 0.397052 0.584088
vt 0.447706 0.583014
vt 0.391770 0.583314
vt 0.403003 0.583439
vt 0.408531 0.581519
vt 0.388092 0.581047
vt 0.339581 0.572415
vt 0.453352 0.572391
vt 0.413619 0.578366
vt 0.385801 0.577369
vt 0.418247 0.574018
vt 0.384678 0.572364
vt 0.422398 0.568513
vt 0.334738 0.560456
vt 0.458143 0.560431
vt 0.384504 0.566114
vt 0.426054 0.561890
vt 0.385061 0.558700
vt 0.429197 0.554187
vt 0.330884 0.547237
vt 0.462058 0.547214
vt 0.386132 0.550207
vt 0.431809 0.545442
vt 0.387498 0.540716
vt 0.328071 0.532837
vt 0.465077 0.532817
vt 0.433872 0.535693
vt 0.388940 0.530310
vt 0.435368 0.524978
vt 0.326346 0.517334
vt 0.467179 0.517322
vt 0.390240 0.519071
vt 0.436278 0.513337
vt 0.391180 0.507083
vt 0.325760 0.500807
vt 0.468343 0.500807
vt 0.436586 0.500807
vt 0.391542 0.494427
vt 0.326346 0.484280
vt 0.436278 0.488276
vt 0.468799 0.472814
vt 0.391180 0.482022
vt 0.435368 0.476635
vt 0.328071 0.468777
vt 0.390240 0.470728
vt 0.433872 0.465921
vt 0.467755 0.449825
vt 0.388940 0.460538
vt 0.330885 0.454376
vt 0.431809 0.456172
vt 0.387498 0.451446
vt 0.429197 0.447426
vt 0.334738 0.441157
vt 0.386132 0.443446
vt 0.465312 0.431350
vt 0.426054 0.439723
vt 0.385061 0.436533
vt 0.339581 0.429199
vt 0.422398 0.433100
vt 0.384504 0.430700
vt 0.418247 0.427595
vt 0.461571 0.416899
vt 0.384678 0.425941
vt 0.345366 0.418579
vt 0.413619 0.423247
vt 0.385801 0.422250
vt 0.408531 0.420094
vt 0.388092 0.419621
vt 0.403003 0.418174
vt 0.391770 0.418048
vt 0.352041 0.409377
vt 0.397052 0.417526
vt 0.456633 0.405983
vt 0.359558 0.401671
vt 0.450599 0.398111
vt 0.367867 0.395541
vt 0.443570 0.392794
vt 0.376919 0.391064
vt 0.435648 0.389542
vt 0.386663 0.388321
vt 0.426934 0.387865
vt 0.397052 0.387389
vt 0.417529 0.387274
vt 0.407535 0.387278
vt 0.542710 0.614163
vt 0.556350 0.613758
vt 0.546763 0.614224
vt 0.538803 0.613978
vt 0.535026 0.613667
vt 0.565315 0.612382
vt 0.531365 0.613228
vt 0.527802 0.612659
vt 0.524323 0.611956
vt 0.573619 0.610133
vt 0.520911 0.611119
vt 0.517551 0.610144
vt 0.514226 0.609029
vt 0.581221 0.607047
vt 0.510923 0.607773
vt 0.507623 0.606373
vt 0.588080 0.603160
vt 0.504313 0.604827
vt 0.504313 0.574690
vt 0.508023 0.576305
vt 0.511553 0.577749
vt 0.514925 0.579029
vt 0.518163 0.580151
vt 0.521288 0.581120
vt 0.524323 0.581941
vt 0.594156 0.598508
vt 0.527290 0.582620
vt 0.530213 0.583164
vt 0.599408 0.593127
vt 0.533113 0.583576
vt 0.536013 0.583864
vt 0.538935 0.584033
vt 0.603796 0.587052
vt 0.541902 0.584088
vt 0.547082 0.583841
vt 0.607280 0.580321
vt 0.551051 0.583109
vt 0.553954 0.581905
vt 0.555937 0.580239
vt 0.609818 0.572968
vt 0.557144 0.578124
vt 0.557720 0.575571
vt 0.557810 0.572593
vt 0.611371 0.565030
vt 0.557559 0.569202
vt 0.557112 0.565410
vt 0.556613 0.561228
vt 0.611897 0.556543
vt 0.556207 0.556668
vt 0.556040 0.551743
vt 0.611726 0.550605
vt 0.556210 0.546878
vt 0.611204 0.545085
vt 0.556610 0.542338
vt 0.610318 0.539956
vt 0.557071 0.538144
vt 0.609053 0.535192
vt 0.557427 0.534313
vt 0.607397 0.530766
vt 0.557510 0.530863
vt 0.557153 0.527814
vt 0.605335 0.526650
vt 0.556189 0.525183
vt 0.602856 0.522817
vt 0.554449 0.522990
vt 0.551767 0.521252
vt 0.599944 0.519242
vt 0.547975 0.519987
vt 0.542907 0.519215
vt 0.596586 0.515895
vt 0.536394 0.518953
vt 0.536394 0.489789
vt 0.592769 0.512751
vt 0.588480 0.509783
vt 0.583705 0.506964
vt 0.588959 0.504934
vt 0.593709 0.502287
vt 0.597963 0.499080
vt 0.601732 0.495370
vt 0.605023 0.491214
vt 0.543384 0.489747
vt 0.607847 0.486670
vt 0.548765 0.488860
vt 0.552727 0.487200
vt 0.555462 0.484837
vt 0.610211 0.481795
vt 0.557161 0.481845
vt 0.558014 0.478295
vt 0.612125 0.476647
vt 0.558212 0.474259
vt 0.613599 0.471283
vt 0.557946 0.469809
vt 0.614640 0.465760
vt 0.557407 0.465016
vt 0.615258 0.460135
vt 0.556786 0.459953
vt 0.615462 0.454467
vt 0.556273 0.454691
vt 0.556060 0.449303
vt 0.614871 0.444843
vt 0.556317 0.444185
vt 0.613136 0.435771
vt 0.556975 0.439523
vt 0.557863 0.435315
vt 0.610318 0.427308
vt 0.558811 0.431559
vt 0.498804 0.400027
vt 0.503003 0.431662
vt 0.498804 0.434376
vt 0.507178 0.429190
vt 0.559647 0.428253
vt 0.511330 0.426958
vt 0.560201 0.425394
vt 0.606472 0.419506
vt 0.515462 0.424967
vt 0.560304 0.422981
vt 0.519576 0.423213
vt 0.523675 0.421698
vt 0.559783 0.421011
vt 0.527759 0.420418
vt 0.558469 0.419483
vt 0.531833 0.419374
vt 0.601660 0.412419
vt 0.556191 0.418394
vt 0.535897 0.418564
vt 0.539955 0.417986
vt 0.552778 0.417742
vt 0.544008 0.417640
vt 0.548059 0.417526
vt 0.595938 0.406103
vt 0.589365 0.400610
vt 0.582001 0.395994
vt 0.502773 0.398076
vt 0.506740 0.396278
vt 0.510702 0.394634
vt 0.573902 0.392310
vt 0.514658 0.393150
vt 0.518605 0.391827
vt 0.565129 0.389612
vt 0.522540 0.390670
vt 0.526462 0.389681
vt 0.530369 0.388865
vt 0.555739 0.387954
vt 0.534257 0.388224
vt 0.538125 0.387762
vt 0.545791 0.387389
vt 0.541970 0.387483
vt 0.655968 0.581171
vt 0.798875 0.611308
vt 0.655968 0.611308
vt 0.751563 0.581171
vt 0.698743 0.387389
vt 0.670551 0.399703
vt 0.834844 0.496270
vt 0.863685 0.582792
vt 0.834844 0.611308
vt 0.933032 0.611308
vt 0.933032 0.582792
vt 0.863685 0.527379
vt 0.886966 0.526090
vt 0.875750 0.527407
vt 0.897295 0.523515
vt 0.906700 0.519770
vt 0.915141 0.514939
vt 0.845924 0.498536
vt 0.922581 0.509110
vt 0.854991 0.499555
vt 0.928982 0.502370
vt 0.862246 0.499412
vt 0.934304 0.494806
vt 0.867889 0.498189
vt 0.872120 0.495970
vt 0.875138 0.492837
vt 0.938510 0.486503
vt 0.877144 0.488874
vt 0.878337 0.484163
vt 0.941562 0.477548
vt 0.878917 0.478788
vt 0.879083 0.472832
vt 0.943421 0.468029
vt 0.879037 0.466379
vt 0.944050 0.458032
vt 0.878977 0.459510
vt 0.879210 0.454123
vt 0.943426 0.448065
vt 0.879793 0.448862
vt 0.880552 0.443791
vt 0.941600 0.438622
vt 0.881313 0.438976
vt 0.881903 0.434483
vt 0.938637 0.429769
vt 0.882146 0.430376
vt 0.818318 0.400999
vt 0.822294 0.431163
vt 0.818318 0.433728
vt 0.826282 0.428815
vt 0.881870 0.426722
vt 0.934604 0.421570
vt 0.830282 0.426685
vt 0.880900 0.423586
vt 0.834292 0.424775
vt 0.838311 0.423085
vt 0.879062 0.421032
vt 0.842338 0.421617
vt 0.846372 0.420371
vt 0.929568 0.414092
vt 0.876182 0.419128
vt 0.850411 0.419350
vt 0.854455 0.418553
vt 0.872087 0.417937
vt 0.858502 0.417983
vt 0.862551 0.417640
vt 0.866601 0.417526
vt 0.923594 0.407399
vt 0.916749 0.401557
vt 0.909100 0.396630
vt 0.823021 0.398689
vt 0.827589 0.396615
vt 0.900713 0.392685
vt 0.832049 0.394771
vt 0.836429 0.393150
vt 0.840754 0.391744
vt 0.891654 0.389786
vt 0.845052 0.390548
vt 0.849350 0.389555
vt 0.881989 0.387999
vt 0.853675 0.388757
vt 0.858055 0.388148
vt 0.862515 0.387722
vt 0.871786 0.387389
vt 0.867083 0.387471
s 1
f 81/1/1 80/2/1 79/3/1
f 81/1/1 79/3/1 84/4/1
f 81/1/1 84/4/1 83/5/1
f 82/6/1 81/1/1 83/5/1
f 87/7/1 86/8/1 85/9/1
f 87/7/1 85/9/1 88/10/1
f 130/11/1 129/12/1 128/13/1
f 130/11/1 128/13/1 127/14/1
f 131/15/1 130/11/1 127/14/1
f 131/15/1 127/14/1 126/16/1
f 132/17/1 131/15/1 126/16/1
f 132/17/1 126/16/1 125/18/1
f 132/17/1 125/18/1 124/19/1
f 133/20/1 132/17/1 124/19/1
f 133/20/1 124/19/1 123/21/1
f 90/22/1 89/23/1 143/24/1
f 90/22/1 143/24/1 142/25/1
f 134/26/1 133/20/1 123/21/1
f 134/26/1 123/21/1 122/27/1
f 134/26/1 122/27/1 121/28/1
f 135/29/1 134/26/1 121/28/1
f 135/29/1 121/28/1 120/30/1
f 136/31/1 135/29/1 120/30/1
f 136/31/1 120/30/1 119/32/1
f 136/31/1 119/32/1 118/33/1
f 137/34/1 136/31/1 118/33/1
f 137/34/1 118/33/1 117/35/1
f 138/36/1 137/34/1 117/35/1
f 138/36/1 117/35/1 105/37/1
f 105/37/1 117/35/1 106/38/1
f 106/38/1 117/35/1 107/39/1
f 107/39/1 117/35/1 108/40/1
f 108/40/1 117/35/1 109/41/1
f 109/41/1 117/35/1 110/42/1
f 110/42/1 117/35/1 111/43/1
f 111/43/1 117/35/1 112/44/1
f 112/44/1 117/35/1 113/45/1
f 113/45/1 117/35/1 114/46/1
f 114/46/1 117/35/1 115/47/1
f 115/47/1 117/35/1 116/48/1
f 139/49/1 138/36/1 104/50/1
f 104/50/1 138/36/1 105/37/1
f 140/51/1 139/49/1 104/50/1
f 140/51/1 104/50/1 103/52/1
f 140/51/1 103/52/1 102/53/1
f 140/51/1 102/53/1 101/54/1
f 141/55/1 140/51/1 101/54/1
f 141/55/1 101/54/1 100/56/1
f 141/55/1 100/56/1 99/57/1
f 90/22/1 142/25/1 141/55/1
f 90/22/1 141/55/1 99/57/1
f 90/22/1 99/57/1 98/58/1
f 90/22/1 98/58/1 97/59/1
f 90/22/1 97/59/1 96/60/1
f 90/22/1 96/60/1 95/61/1
f 90/22/1 95/61/1 94/62/1
f 90/22/1 94/62/1 93/63/1
f 90/22/1 93/63/1 92/64/1
f 90/22/1 92/64/1 91/65/1
f 146/66/1 145/67/1 144/68/1
f 146/66/1 144/68/1 147/69/1
f 161/70/1 160/71/1 159/72/1
f 161/70/1 159/72/1 158/73/1
f 162/74/1 161/70/1 158/73/1
f 162/74/1 158/73/1 157/75/1
f 163/76/1 162/74/1 157/75/1
f 163/76/1 157/75/1 156/77/1
f 164/78/1 163/76/1 156/77/1
f 164/78/1 156/77/1 155/79/1
f 165/80/1 164/78/1 155/79/1
f 165/80/1 155/79/1 154/81/1
f 166/82/1 165/80/1 154/81/1
f 166/82/1 154/81/1 153/83/1
f 167/84/1 166/82/1 153/83/1
f 167/84/1 153/83/1 152/85/1
f 168/86/1 167/84/1 152/85/1
f 168/86/1 152/85/1 151/87/1
f 169/88/1 168/86/1 151/87/1
f 169/88/1 151/87/1 150/89/1
f 170/90/1 169/88/1 150/89/1
f 170/90/1 150/89/1 149/91/1
f 171/92/1 170/90/1 149/91/1
f 171/92/1 149/91/1 148/93/1
f 172/94/1 171/92/1 148/93/1
f 173/95/1 172/94/1 148/93/1
f 173/95/1 148/93/1 195/96/1
f 173/95/1 195/96/1 194/97/1
f 174/98/1 173/95/1 194/97/1
f 174/98/1 194/97/1 193/99/1
f 175/100/1 174/98/1 193/99/1
f 175/100/1 193/99/1 192/101/1
f 176/102/1 175/100/1 192/101/1
f 176/102/1 192/101/1 191/103/1
f 177/104/1 176/102/1 191/103/1
f 177/104/1 191/103/1 190/105/1
f 178/106/1 177/104/1 190/105/1
f 178/106/1 190/105/1 189/107/1
f 179/108/1 178/106/1 189/107/1
f 179/108/1 189/107/1 188/109/1
f 180/110/1 179/108/1 188/109/1
f 180/110/1 188/109/1 187/111/1
f 181/112/1 180/110/1 187/111/1
f 181/112/1 187/111/1 186/113/1
f 182/114/1 181/112/1 186/113/1
f 182/114/1 186/113/1 185/115/1
f 183/116/1 182/114/1 185/115/1
f 183/116/1 185/115/1 184/117/1
f 209/118/1 208/119/1 207/120/1
f 210/121/1 209/118/1 207/120/1
f 210/121/1 207/120/1 206/122/1
f 211/123/1 210/121/1 206/122/1
f 211/123/1 206/122/1 205/124/1
f 212/125/1 211/123/1 205/124/1
f 212/125/1 205/124/1 204/126/1
f 213/127/1 212/125/1 204/126/1
f 213/127/1 204/126/1 203/128/1
f 214/129/1 213/127/1 203/128/1
f 214/129/1 203/128/1 280/130/1
f 280/130/1 203/128/1 202/131/1
f 214/129/1 280/130/1 279/132/1
f 281/133/1 280/130/1 202/131/1
f 282/134/1 281/133/1 202/131/1
f 214/129/1 279/132/1 278/135/1
f 215/136/1 214/129/1 278/135/1
f 282/134/1 202/131/1 201/137/1
f 283/138/1 282/134/1 201/137/1
f 215/136/1 278/135/1 277/139/1
f 284/140/1 283/138/1 201/137/1
f 215/136/1 277/139/1 276/141/1
f 285/142/1 284/140/1 201/137/1
f 216/143/1 215/136/1 276/141/1
f 285/142/1 201/137/1 200/144/1
f 216/143/1 276/141/1 275/145/1
f 286/146/1 285/142/1 200/144/1
f 216/143/1 275/145/1 274/147/1
f 287/148/1 286/146/1 200/144/1
f 217/149/1 216/143/1 274/147/1
f 287/148/1 200/144/1 199/150/1
f 217/149/1 274/147/1 273/151/1
f 288/152/1 287/148/1 199/150/1
f 217/149/1 273/151/1 272/153/1
f 218/154/1 217/149/1 272/153/1
f 288/152/1 199/150/1 198/155/1
f 289/156/1 288/152/1 198/155/1
f 218/154/1 272/153/1 271/157/1
f 290/158/1 289/156/1 198/155/1
f 219/159/1 218/154/1 271/157/1
f 290/158/1 198/155/1 197/160/1
f 219/159/1 271/157/1 270/161/1
f 291/162/1 290/158/1 197/160/1
f 219/159/1 270/161/1 269/163/1
f 220/164/1 219/159/1 269/163/1
f 291/162/1 197/160/1 196/165/1
f 244/166/1 291/162/1 196/165/1
f 220/164/1 269/163/1 268/167/1
f 221/168/1 220/164/1 268/167/1
f 245/169/1 244/166/1 196/165/1
f 245/169/1 196/165/1 243/170/1
f 221/168/1 268/167/1 267/171/1
f 246/172/1 245/169/1 243/170/1
f 222/173/1 221/168/1 267/171/1
f 222/173/1 267/171/1 266/174/1
f 247/175/1 246/172/1 243/170/1
f 247/175/1 243/170/1 242/176/1
f 222/173/1 266/174/1 265/177/1
f 223/178/1 222/173/1 265/177/1
f 248/179/1 247/175/1 242/176/1
f 223/178/1 265/177/1 264/180/1
f 249/181/1 248/179/1 242/176/1
f 224/182/1 223/178/1 264/180/1
f 224/182/1 264/180/1 263/183/1
f 249/181/1 242/176/1 241/184/1
f 250/185/1 249/181/1 241/184/1
f 224/182/1 263/183/1 262/186/1
f 225/187/1 224/182/1 262/186/1
f 251/188/1 250/185/1 241/184/1
f 225/187/1 262/186/1 261/189/1
f 252/190/1 251/188/1 241/184/1
f 252/190/1 241/184/1 240/191/1
f 225/187/1 261/189/1 260/192/1
f 226/193/1 225/187/1 260/192/1
f 253/194/1 252/190/1 240/191/1
f 226/193/1 260/192/1 259/195/1
f 254/196/1 253/194/1 240/191/1
f 226/193/1 259/195/1 258/197/1
f 255/198/1 254/196/1 240/191/1
f 226/193/1 258/197/1 257/199/1
f 227/200/1 226/193/1 257/199/1
f 256/201/1 255/198/1 240/191/1
f 227/200/1 257/199/1 256/201/1
f 227/200/1 256/201/1 240/191/1
f 227/200/1 240/191/1 239/202/1
f 228/203/1 227/200/1 239/202/1
f 228/203/1 239/202/1 238/204/1
f 229/205/1 228/203/1 238/204/1
f 229/205/1 238/204/1 237/206/1
f 230/207/1 229/205/1 237/206/1
f 230/207/1 237/206/1 236/208/1
f 231/209/1 230/207/1 236/208/1
f 231/209/1 236/208/1 235/210/1
f 232/211/1 231/209/1 235/210/1
f 232/211/1 235/210/1 234/212/1
f 233/213/1 232/211/1 234/212/1
f 427/214/1 426/215/1 425/216/1
f 428/217/1 427/214/1 425/216/1
f 429/218/1 428/217/1 425/216/1
f 429/218/1 425/216/1 424/219/1
f 430/220/1 429/218/1 424/219/1
f 431/221/1 430/220/1 424/219/1
f 432/222/1 431/221/1 424/219/1
f 432/222/1 424/219/1 423/223/1
f 433/224/1 432/222/1 423/223/1
f 434/225/1 433/224/1 423/223/1
f 435/226/1 434/225/1 423/223/1
f 435/226/1 423/223/1 422/227/1
f 436/228/1 435/226/1 422/227/1
f 437/229/1 436/228/1 422/227/1
f 437/229/1 422/227/1 421/230/1
f 438/231/1 437/229/1 421/230/1
f 292/232/1 438/231/1 293/233/1
f 293/233/1 438/231/1 294/234/1
f 294/234/1 438/231/1 295/235/1
f 295/235/1 438/231/1 296/236/1
f 296/236/1 438/231/1 421/230/1
f 296/236/1 421/230/1 297/237/1
f 297/237/1 421/230/1 298/238/1
f 298/238/1 421/230/1 420/239/1
f 298/238/1 420/239/1 299/240/1
f 299/240/1 420/239/1 300/241/1
f 300/241/1 420/239/1 419/242/1
f 300/241/1 419/242/1 301/243/1
f 301/243/1 419/242/1 302/244/1
f 302/244/1 419/242/1 303/245/1
f 303/245/1 419/242/1 418/246/1
f 303/245/1 418/246/1 304/247/1
f 304/247/1 418/246/1 305/248/1
f 305/248/1 418/246/1 417/249/1
f 306/250/1 305/248/1 417/249/1
f 307/251/1 306/250/1 417/249/1
f 308/252/1 307/251/1 417/249/1
f 308/252/1 417/249/1 416/253/1
f 309/254/1 308/252/1 416/253/1
f 310/255/1 309/254/1 416/253/1
f 311/256/1 310/255/1 416/253/1
f 311/256/1 416/253/1 415/257/1
f 312/258/1 311/256/1 415/257/1
f 313/259/1 312/258/1 415/257/1
f 314/260/1 313/259/1 415/257/1
f 314/260/1 415/257/1 414/261/1
f 315/262/1 314/260/1 414/261/1
f 316/263/1 315/262/1 414/261/1
f 316/263/1 414/261/1 413/264/1
f 317/265/1 316/263/1 413/264/1
f 317/265/1 413/264/1 412/266/1
f 318/267/1 317/265/1 412/266/1
f 318/267/1 412/266/1 411/268/1
f 319/269/1 318/267/1 411/268/1
f 319/269/1 411/268/1 410/270/1
f 320/271/1 319/269/1 410/270/1
f 320/271/1 410/270/1 409/272/1
f 321/273/1 320/271/1 409/272/1
f 322/274/1 321/273/1 409/272/1
f 322/274/1 409/272/1 408/275/1
f 323/276/1 322/274/1 408/275/1
f 323/276/1 408/275/1 407/277/1
f 324/278/1 323/276/1 407/277/1
f 325/279/1 324/278/1 407/277/1
f 325/279/1 407/277/1 406/280/1
f 326/281/1 325/279/1 406/280/1
f 327/282/1 326/281/1 406/280/1
f 327/282/1 406/280/1 405/283/1
f 328/284/1 327/282/1 405/283/1
f 329/285/1 328/284/1 405/283/1
f 329/285/1 405/283/1 404/286/1
f 329/285/1 404/286/1 403/287/1
f 329/285/1 403/287/1 402/288/1
f 329/285/1 402/288/1 401/289/1
f 329/285/1 401/289/1 400/290/1
f 329/285/1 400/290/1 399/291/1
f 329/285/1 399/291/1 398/292/1
f 329/285/1 398/292/1 397/293/1
f 329/285/1 397/293/1 330/294/1
f 330/294/1 397/293/1 396/295/1
f 331/296/1 330/294/1 396/295/1
f 332/297/1 331/296/1 396/295/1
f 333/298/1 332/297/1 396/295/1
f 333/298/1 396/295/1 395/299/1
f 334/300/1 333/298/1 395/299/1
f 335/301/1 334/300/1 395/299/1
f 335/301/1 395/299/1 394/302/1
f 336/303/1 335/301/1 394/302/1
f 336/303/1 394/302/1 393/304/1
f 337/305/1 336/303/1 393/304/1
f 337/305/1 393/304/1 392/306/1
f 338/307/1 337/305/1 392/306/1
f 338/307/1 392/306/1 391/308/1
f 339/309/1 338/307/1 391/308/1
f 339/309/1 391/308/1 390/310/1
f 340/311/1 339/309/1 390/310/1
f 341/312/1 340/311/1 390/310/1
f 341/312/1 390/310/1 389/313/1
f 342/314/1 341/312/1 389/313/1
f 342/314/1 389/313/1 388/315/1
f 343/316/1 342/314/1 388/315/1
f 344/317/1 343/316/1 388/315/1
f 344/317/1 388/315/1 387/318/1
f 345/319/1 344/317/1 387/318/1
f 366/320/1 365/321/1 364/322/1
f 366/320/1 364/322/1 363/323/1
f 346/324/1 345/319/1 387/318/1
f 366/320/1 363/323/1 362/325/1
f 347/326/1 346/324/1 387/318/1
f 347/326/1 387/318/1 386/327/1
f 366/320/1 362/325/1 361/328/1
f 348/329/1 347/326/1 386/327/1
f 366/320/1 361/328/1 360/330/1
f 366/320/1 360/330/1 359/331/1
f 349/332/1 348/329/1 386/327/1
f 366/320/1 359/331/1 358/333/1
f 350/334/1 349/332/1 386/327/1
f 366/320/1 358/333/1 357/335/1
f 350/334/1 386/327/1 385/336/1
f 351/337/1 350/334/1 385/336/1
f 366/320/1 357/335/1 356/338/1
f 366/320/1 356/338/1 355/339/1
f 352/340/1 351/337/1 385/336/1
f 366/320/1 355/339/1 354/341/1
f 353/342/1 352/340/1 385/336/1
f 366/320/1 354/341/1 353/342/1
f 366/320/1 353/342/1 385/336/1
f 366/320/1 385/336/1 384/343/1
f 366/320/1 384/343/1 383/344/1
f 366/320/1 383/344/1 382/345/1
f 367/346/1 366/320/1 382/345/1
f 368/347/1 367/346/1 382/345/1
f 369/348/1 368/347/1 382/345/1
f 369/348/1 382/345/1 381/349/1
f 370/350/1 369/348/1 381/349/1
f 371/351/1 370/350/1 381/349/1
f 371/351/1 381/349/1 380/352/1
f 372/353/1 371/351/1 380/352/1
f 373/354/1 372/353/1 380/352/1
f 374/355/1 373/354/1 380/352/1
f 374/355/1 380/352/1 379/356/1
f 375/357/1 374/355/1 379/356/1
f 376/358/1 375/357/1 379/356/1
f 376/358/1 379/356/1 378/359/1
f 377/360/1 376/358/1 378/359/1
f 441/361/1 440/362/1 439/363/1
f 441/361/1 439/363/1 442/364/1
f 442/364/1 439/363/1 444/365/1
f 443/366/1 442/364/1 444/365/1
f 3/367/1 2/368/1 77/369/1
f 77/369/1 2/368/1 1/370/1
f 77/369/1 1/370/1 78/371/1
f 3/367/1 77/369/1 76/372/1
f 76/372/1 75/373/1 74/374/1
f 3/367/1 76/372/1 74/374/1
f 3/367/1 74/374/1 73/375/1
f 3/367/1 73/375/1 72/376/1
f 3/367/1 72/376/1 71/377/1
f 3/367/1 71/377/1 4/378/1
f 4/378/1 71/377/1 70/379/1
f 4/378/1 70/379/1 5/380/1
f 5/380/1 70/379/1 69/381/1
f 5/380/1 69/381/1 6/382/1
f 6/382/1 69/381/1 68/383/1
f 7/384/1 6/382/1 68/383/1
f 8/385/1 7/384/1 68/383/1
f 9/386/1 8/385/1 68/383/1
f 9/386/1 68/383/1 67/387/1
f 10/388/1 9/386/1 67/387/1
f 11/389/1 10/388/1 67/387/1
f 11/389/1 67/387/1 66/390/1
f 12/391/1 11/389/1 66/390/1
f 13/392/1 12/391/1 66/390/1
f 13/392/1 66/390/1 65/393/1
f 14/394/1 13/392/1 65/393/1
f 14/394/1 65/393/1 64/395/1
f 15/396/1 14/394/1 64/395/1
f 16/397/1 15/396/1 64/395/1
f 16/397/1 64/395/1 63/398/1
f 17/399/1 16/397/1 63/398/1
f 18/400/1 17/399/1 63/398/1
f 18/400/1 63/398/1 62/401/1
f 19/402/1 18/400/1 62/401/1
f 20/403/1 19/402/1 62/401/1
f 20/403/1 62/401/1 61/404/1
f 21/405/1 20/403/1 61/404/1
f 40/406/1 39/407/1 38/408/1
f 40/406/1 38/408/1 37/409/1
f 22/410/1 21/405/1 61/404/1
f 22/410/1 61/404/1 60/411/1
f 40/406/1 37/409/1 36/412/1
f 23/413/1 22/410/1 60/411/1
f 40/406/1 36/412/1 35/414/1
f 40/406/1 35/414/1 34/415/1
f 24/416/1 23/413/1 60/411/1
f 40/406/1 34/415/1 33/417/1
f 40/406/1 33/417/1 32/418/1
f 24/416/1 60/411/1 59/419/1
f 25/420/1 24/416/1 59/419/1
f 40/406/1 32/418/1 31/421/1
f 40/406/1 31/421/1 30/422/1
f 26/423/1 25/420/1 59/419/1
f 40/406/1 30/422/1 29/424/1
f 40/406/1 29/424/1 28/425/1
f 27/426/1 26/423/1 59/419/1
f 40/406/1 28/425/1 27/426/1
f 40/406/1 27/426/1 59/419/1
f 40/406/1 59/419/1 58/427/1
f 40/406/1 58/427/1 57/428/1
f 40/406/1 57/428/1 56/429/1
f 41/430/1 40/406/1 56/429/1
f 42/431/1 41/430/1 56/429/1
f 42/431/1 56/429/1 55/432/1
f 43/433/1 42/431/1 55/432/1
f 44/434/1 43/433/1 55/432/1
f 45/435/1 44/434/1 55/432/1
f 45/435/1 55/432/1 54/436/1
f 46/437/1 45/435/1 54/436/1
f 47/438/1 46/437/1 54/436/1
f 47/438/1 54/436/1 53/439/1
f 48/440/1 47/438/1 53/439/1
f 49/441/1 48/440/1 53/439/1
f 50/442/1 49/441/1 53/439/1
f 50/442/1 53/439/1 52/443/1
f 51/444/1 50/442/1 52/443/1
f 609/80/2 610/82/3 1054/82/3 1053/80/2
f 706/186/4 707/183/5 1151/183/5 1150/186/4
f 845/289/6 846/288/7 1290/288/7 1289/289/6
f 508/395/8 509/393/9 953/393/9 952/395/8
f 598/81/10 599/79/11 1043/79/11 1042/81/10
f 846/288/12 847/287/13 1291/287/13 1290/288/12
f 693/181/14 694/185/15 1138/185/15 1137/181/14
f 457/392/16 458/394/17 902/394/17 901/392/16
f 608/78/18 609/80/2 1053/80/2 1052/78/18
f 685/184/19 686/176/20 1130/176/20 1129/184/19
f 847/287/13 848/286/21 1292/286/21 1291/287/13
f 509/393/9 510/390/22 954/390/22 953/393/9
f 599/79/11 600/77/23 1044/77/23 1043/79/11
f 707/183/5 708/180/24 1152/180/24 1151/183/5
f 848/286/21 849/283/25 1293/283/25 1292/286/21
f 456/391/26 457/392/16 901/392/16 900/391/26
f 607/76/27 608/78/18 1052/78/18 1051/76/27
f 600/77/23 601/75/28 1045/75/28 1044/77/23
f 667/178/29 668/182/30 1112/182/30 1111/178/29
f 772/284/31 773/285/31 1217/285/31 1216/284/31
f 455/389/32 456/391/26 900/391/26 899/389/32
f 510/390/22 511/387/33 955/387/33 954/390/22
f 692/179/34 693/181/14 1137/181/14 1136/179/34
f 771/282/35 772/284/36 1216/284/36 1215/282/35
f 606/74/37 607/76/27 1051/76/27 1050/74/37
f 708/180/24 709/177/38 1153/177/38 1152/180/24
f 849/283/25 850/280/39 1294/280/39 1293/283/25
f 601/75/28 602/73/40 1046/73/40 1045/75/28
f 454/388/41 455/389/32 899/389/32 898/388/41
f 691/175/42 692/179/34 1136/179/34 1135/175/42
f 770/281/43 771/282/35 1215/282/35 1214/281/43
f 453/386/44 454/388/41 898/388/41 897/386/44
f 605/70/45 606/74/37 1050/74/37 1049/70/45
f 511/387/33 512/383/46 956/383/46 955/387/33
f 602/73/40 603/72/47 1047/72/47 1046/73/40
f 666/173/48 667/178/29 1111/178/29 1110/173/48
f 769/279/49 770/281/43 1214/281/43 1213/279/49
f 709/177/38 710/174/50 1154/174/50 1153/177/38
f 850/280/39 851/277/51 1295/277/51 1294/280/39
f 603/72/47 604/71/52 1048/71/52 1047/72/47
f 452/385/53 453/386/44 897/386/44 896/385/53
f 686/176/20 687/170/54 1131/170/54 1130/176/20
f 604/71/52 605/70/45 1049/70/45 1048/71/52
f 768/278/55 769/279/49 1213/279/49 1212/278/55
f 451/384/56 452/385/53 896/385/53 895/384/56
f 591/69/57 588/68/57 1032/68/57 1035/69/57
f 590/66/58 591/69/58 1035/69/58 1034/66/58
f 690/172/59 691/175/42 1135/175/42 1134/172/59
f 767/276/60 768/278/55 1212/278/55 1211/276/60
f 450/382/61 451/384/56 895/384/56 894/382/61
f 588/68/52 589/67/52 1033/67/52 1032/68/52
f 710/174/50 711/171/62 1155/171/62 1154/174/50
f 851/277/51 852/275/63 1296/275/63 1295/277/51
f 512/383/46 513/381/64 957/381/64 956/383/46
f 495/444/65 496/443/66 940/443/66 939/444/65
f 589/67/31 590/66/31 1034/66/31 1033/67/31
f 494/442/67 495/444/65 939/444/65 938/442/67
f 535/65/68 536/64/69 980/64/69 979/65/68
f 665/168/70 666/173/48 1110/173/48 1109/168/70
f 496/443/66 497/439/71 941/439/71 940/443/66
f 766/274/72 767/276/60 1211/276/60 1210/274/72
f 449/380/73 450/382/61 894/382/61 893/380/73
f 534/22/58 535/65/58 979/65/58 978/22/58
f 852/275/63 853/272/74 1297/272/74 1296/275/63
f 513/381/64 514/379/75 958/379/75 957/381/64
f 536/64/69 537/63/76 981/63/76 980/64/69
f 689/169/77 690/172/59 1134/172/59 1133/169/77
f 711/171/62 712/167/78 1156/167/78 1155/171/62
f 493/441/79 494/442/67 938/442/67 937/441/79
f 537/63/76 538/62/80 982/62/80 981/63/76
f 765/273/81 766/274/72 1210/274/72 1209/273/81
f 448/378/82 449/380/73 893/380/73 892/378/82
f 687/170/54 640/165/83 1084/165/83 1131/170/54
f 492/440/84 493/441/79 937/441/79 936/440/84
f 514/379/75 515/377/85 959/377/85 958/379/75
f 538/62/80 539/61/86 983/61/86 982/62/80
f 764/271/87 765/273/81 1209/273/81 1208/271/87
f 491/438/88 492/440/84 936/440/84 935/438/88
f 853/272/74 854/270/89 1298/270/89 1297/272/74
f 539/61/86 540/60/90 984/60/90 983/61/86
f 688/166/31 689/169/77 1133/169/77 1132/166/31
f 497/439/71 498/436/91 942/436/91 941/439/71
f 447/367/92 448/378/82 892/378/82 891/367/92
f 515/377/85 516/376/93 960/376/93 959/377/85
f 540/60/90 541/59/94 985/59/94 984/60/90
f 664/164/31 665/168/70 1109/168/70 1108/164/31
f 763/269/95 764/271/87 1208/271/87 1207/269/95
f 712/167/78 713/163/96 1157/163/96 1156/167/78
f 490/437/97 491/438/88 935/438/88 934/437/97
f 854/270/89 855/268/98 1299/268/98 1298/270/89
f 516/376/93 517/375/99 961/375/99 960/376/93
f 541/59/94 542/58/100 986/58/100 985/59/94
f 489/435/101 490/437/97 934/437/97 933/435/101
f 517/375/99 518/374/102 962/374/102 961/375/99
f 542/58/100 543/57/103 987/57/103 986/58/100
f 735/162/104 688/166/31 1132/166/31 1179/162/104
f 498/436/91 499/432/105 943/432/105 942/436/91
f 762/267/106 763/269/95 1207/269/95 1206/267/106
f 640/165/83 641/160/107 1085/160/107 1084/165/83
f 855/268/98 856/266/108 1300/266/108 1299/268/98
f 518/374/102 519/373/109 963/373/109 962/374/102
f 585/55/52 586/25/52 1030/25/52 1029/55/52
f 488/434/110 489/435/101 933/435/101 932/434/110
f 663/159/111 664/164/31 1108/164/31 1107/159/111
f 761/265/112 762/267/106 1206/267/106 1205/265/112
f 519/373/109 520/372/113 964/372/113 963/373/109
f 543/57/103 544/56/114 988/56/114 987/57/103
f 713/163/96 714/161/115 1158/161/115 1157/163/96
f 487/433/116 488/434/110 932/434/110 931/433/116
f 856/266/108 857/264/117 1301/264/117 1300/266/108
f 520/372/57 521/369/57 965/369/57 964/372/57
f 544/56/114 545/54/118 989/54/118 988/56/114
f 486/431/119 487/433/116 931/433/116 930/431/119
f 522/371/57 445/370/57 889/370/57 966/371/57
f 734/158/120 735/162/104 1179/162/104 1178/158/120
f 499/432/105 500/429/121 944/429/121 943/432/105
f 760/263/122 761/265/112 1205/265/112 1204/263/122
f 521/369/58 522/371/58 966/371/58 965/369/58
f 714/161/115 715/157/123 1159/157/123 1158/161/115
f 857/264/117 858/261/124 1302/261/124 1301/264/117
f 445/370/52 446/368/52 890/368/52 889/370/52
f 584/51/125 585/55/126 1029/55/126 1028/51/125
f 545/54/118 546/53/127 990/53/127 989/54/118
f 641/160/107 642/155/128 1086/155/128 1085/160/107
f 485/430/129 486/431/119 930/431/119 929/430/129
f 759/262/130 760/263/122 1204/263/122 1203/262/130
f 546/53/127 547/52/131 991/52/131 990/53/127
f 484/406/132 485/430/129 929/430/129 928/406/132
f 446/368/31 447/367/31 891/367/31 890/368/31
f 662/154/133 663/159/111 1107/159/111 1106/154/133
f 500/429/121 501/428/134 945/428/134 944/429/121
f 758/260/135 759/262/130 1203/262/130 1202/260/135
f 887/366/136 888/365/136 1332/365/136 1331/366/136
f 547/52/131 548/50/137 992/50/137 991/52/131
f 858/261/124 859/257/138 1303/257/138 1302/261/124
f 886/364/139 887/366/139 1331/366/139 1330/364/139
f 733/156/140 734/158/120 1178/158/120 1177/156/140
f 501/428/134 502/427/141 946/427/141 945/428/134
f 888/365/142 883/363/142 1327/363/142 1332/365/142
f 715/157/123 716/153/143 1160/153/143 1159/157/123
f 583/49/144 584/51/125 1028/51/125 1027/49/144
f 502/427/141 503/419/145 947/419/145 946/427/141
f 757/259/146 758/260/135 1202/260/135 1201/259/146
f 548/50/137 549/37/147 993/37/147 992/50/137
f 885/361/58 886/364/58 1330/364/58 1329/361/58
f 732/152/148 733/156/140 1177/156/140 1176/152/148
f 756/258/149 757/259/146 1201/259/146 1200/258/149
f 883/363/52 884/362/52 1328/362/52 1327/363/52
f 642/155/128 643/150/150 1087/150/150 1086/155/128
f 471/426/151 472/425/152 916/425/152 915/426/151
f 582/36/153 583/49/144 1027/49/144 1026/36/153
f 755/256/154 756/258/149 1200/258/149 1199/256/154
f 884/362/31 885/361/31 1329/361/31 1328/362/31
f 560/48/155 561/35/155 1005/35/155 1004/48/155
f 859/257/138 860/253/156 1304/253/156 1303/257/138
f 821/360/157 822/359/158 1266/359/158 1265/360/157
f 559/47/159 560/48/160 1004/48/160 1003/47/159
f 661/149/161 662/154/133 1106/154/133 1105/149/161
f 470/423/162 471/426/151 915/426/151 914/423/162
f 820/358/163 821/360/157 1265/360/157 1264/358/163
f 716/153/143 717/151/164 1161/151/164 1160/153/143
f 472/425/152 473/424/165 917/424/165 916/425/152
f 822/359/158 823/356/166 1267/356/166 1266/359/158
f 558/46/167 559/47/159 1003/47/159 1002/46/167
f 754/255/168 755/256/154 1199/256/154 1198/255/168
f 473/424/165 474/422/169 918/422/169 917/424/165
f 557/45/170 558/46/167 1002/46/167 1001/45/170
f 731/148/171 732/152/148 1176/152/148 1175/148/171
f 753/254/172 754/255/168 1198/255/168 1197/254/172
f 819/357/173 820/358/163 1264/358/163 1263/357/173
f 717/151/164 718/147/174 1162/147/174 1161/151/164
f 556/44/175 557/45/170 1001/45/170 1000/44/175
f 469/420/176 470/423/162 914/423/162 913/420/176
f 752/252/177 753/254/172 1197/254/172 1196/252/177
f 818/355/178 819/357/173 1263/357/173 1262/355/178
f 643/150/150 644/144/179 1088/144/179 1087/150/150
f 474/422/169 475/421/180 919/421/180 918/422/169
f 860/253/156 861/249/181 1305/249/181 1304/253/156
f 823/356/166 824/352/182 1268/352/182 1267/356/166
f 555/43/183 556/44/175 1000/44/175 999/43/183
f 475/421/180 476/418/184 920/418/184 919/421/180
f 554/42/185 555/43/183 999/43/183 998/42/185
f 660/143/186 661/149/161 1105/149/161 1104/143/186
f 751/251/187 752/252/177 1196/252/177 1195/251/187
f 817/354/188 818/355/178 1262/355/178 1261/354/188
f 553/41/189 554/42/185 998/42/185 997/41/189
f 730/146/190 731/148/171 1175/148/171 1174/146/190
f 468/416/191 469/420/176 913/420/176 912/416/191
f 750/250/192 751/251/187 1195/251/187 1194/250/192
f 816/353/193 817/354/188 1261/354/188 1260/353/193
f 718/147/174 719/145/194 1163/145/194 1162/147/174
f 503/419/145 504/411/195 948/411/195 947/419/145
f 552/40/196 553/41/189 997/41/189 996/40/196
f 749/248/197 750/250/192 1194/250/192 1193/248/197
f 815/351/198 816/353/193 1260/353/193 1259/351/198
f 476/418/184 477/417/199 921/417/199 920/418/184
f 861/249/181 862/246/200 1306/246/200 1305/249/181
f 824/352/182 825/349/201 1269/349/201 1268/352/182
f 551/39/202 552/40/196 996/40/196 995/39/202
f 729/142/203 730/146/190 1174/146/190 1173/142/203
f 719/145/194 720/141/204 1164/141/204 1163/145/194
f 477/417/199 478/415/205 922/415/205 921/417/199
f 550/38/206 551/39/202 995/39/202 994/38/206
f 748/247/207 749/248/197 1193/248/197 1192/247/207
f 814/350/208 815/351/198 1259/351/198 1258/350/208
f 644/144/179 645/137/209 1089/137/209 1088/144/179
f 549/37/147 550/38/206 994/38/206 993/37/147
f 467/413/210 468/416/191 912/416/191 911/413/210
f 747/245/211 748/247/207 1192/247/207 1191/245/211
f 813/348/212 814/350/208 1258/350/208 1257/348/212
f 478/415/205 479/414/213 923/414/213 922/415/205
f 862/246/200 863/242/214 1307/242/214 1306/246/200
f 825/349/201 826/345/215 1270/345/215 1269/349/201
f 659/136/216 660/143/186 1104/143/186 1103/136/216
f 479/414/213 480/412/217 924/412/217 923/414/213
f 581/34/218 582/36/153 1026/36/153 1025/34/218
f 728/140/219 729/142/203 1173/142/203 1172/140/219
f 746/244/220 747/245/211 1191/245/211 1190/244/220
f 812/347/221 813/348/212 1257/348/212 1256/347/221
f 561/35/222 562/33/223 1006/33/223 1005/35/222
f 720/141/204 721/139/224 1165/139/224 1164/141/204
f 466/410/225 467/413/210 911/413/210 910/410/225
f 745/243/226 746/244/220 1190/244/220 1189/243/226
f 811/346/227 812/347/221 1256/347/221 1255/346/227
f 480/412/217 481/409/228 925/409/228 924/412/217
f 580/31/229 581/34/218 1025/34/218 1024/31/229
f 727/138/230 728/140/219 1172/140/219 1171/138/230
f 744/241/231 745/243/226 1189/243/226 1188/241/231
f 810/320/232 811/346/227 1255/346/227 1254/320/232
f 562/33/223 563/32/233 1007/32/233 1006/33/223
f 721/139/224 722/135/234 1166/135/234 1165/139/224
f 504/411/195 505/404/235 949/404/235 948/411/195
f 863/242/214 864/239/236 1308/239/236 1307/242/214
f 826/345/215 827/344/237 1271/344/237 1270/345/215
f 563/32/233 564/30/238 1008/30/238 1007/32/233
f 827/344/237 828/343/239 1272/343/239 1271/344/237
f 726/134/240 727/138/230 1171/138/230 1170/134/240
f 465/405/241 466/410/225 910/410/225 909/405/241
f 743/240/242 744/241/231 1188/241/231 1187/240/242
f 645/137/209 646/131/243 1090/131/243 1089/137/209
f 481/409/228 482/408/244 926/408/244 925/409/228
f 828/343/239 829/336/245 1273/336/245 1272/343/239
f 579/29/246 580/31/229 1024/31/229 1023/29/246
f 742/238/247 743/240/242 1187/240/242 1186/238/247
f 564/30/238 565/28/248 1009/28/248 1008/30/238
f 482/408/244 483/407/249 927/407/249 926/408/244
f 864/239/236 865/230/250 1309/230/250 1308/239/236
f 658/129/251 659/136/216 1103/136/216 1102/129/251
f 797/342/252 798/341/253 1242/341/253 1241/342/252
f 722/135/234 723/132/254 1167/132/254 1166/135/234
f 483/407/31 484/406/31 928/406/31 927/407/31
f 578/26/255 579/29/246 1023/29/246 1022/26/255
f 741/237/256 742/238/247 1186/238/247 1185/237/256
f 565/28/248 566/27/257 1010/27/257 1009/28/248
f 464/403/258 465/405/241 909/405/241 908/403/258
f 796/340/259 797/342/252 1241/342/252 1240/340/259
f 725/133/260 726/134/240 1170/134/240 1169/133/260
f 505/404/235 506/401/261 950/401/261 949/404/235
f 740/236/262 741/237/256 1185/237/256 1184/236/262
f 798/341/253 799/339/263 1243/339/263 1242/341/253
f 566/27/257 567/21/264 1011/21/264 1010/27/257
f 724/130/265 725/133/260 1169/133/260 1168/130/265
f 723/132/254 724/130/265 1168/130/265 1167/132/254
f 463/402/266 464/403/258 908/403/258 907/402/266
f 739/235/267 740/236/262 1184/236/262 1183/235/267
f 795/337/268 796/340/259 1240/340/259 1239/337/268
f 577/20/269 578/26/255 1022/26/255 1021/20/269
f 799/339/263 800/338/270 1244/338/270 1243/339/263
f 586/25/57 587/24/57 1031/24/57 1030/25/57
f 646/131/243 647/128/271 1091/128/271 1090/131/243
f 462/400/272 463/402/266 907/402/266 906/400/272
f 738/234/273 739/235/267 1183/235/267 1182/234/273
f 506/401/261 507/398/274 951/398/274 950/401/261
f 800/338/270 801/335/275 1245/335/275 1244/338/270
f 587/24/52 533/23/52 977/23/52 1031/24/52
f 737/233/276 738/234/273 1182/234/273 1181/233/276
f 533/23/31 534/22/31 978/22/31 977/23/31
f 461/399/277 462/400/272 906/400/272 905/399/277
f 736/232/278 737/233/276 1181/233/276 1180/232/278
f 794/334/279 795/337/268 1239/337/268 1238/334/279
f 567/21/264 568/19/280 1012/19/280 1011/21/264
f 657/127/281 658/129/251 1102/129/251 1101/127/281
f 882/231/31 736/232/31 1180/232/31 1326/231/31
f 829/336/245 830/327/282 1274/327/282 1273/336/245
f 647/128/271 648/126/283 1092/126/283 1091/128/271
f 881/229/284 882/231/285 1326/231/285 1325/229/284
f 801/335/275 802/333/286 1246/333/286 1245/335/275
f 576/17/287 577/20/269 1021/20/269 1020/17/287
f 865/230/250 866/227/288 1310/227/288 1309/230/250
f 568/19/280 569/18/289 1013/18/289 1012/19/280
f 656/125/290 657/127/281 1101/127/281 1100/125/290
f 648/126/283 649/124/291 1093/124/291 1092/126/283
f 793/332/292 794/334/279 1238/334/279 1237/332/292
f 569/18/289 570/16/293 1014/16/293 1013/18/289
f 880/228/294 881/229/284 1325/229/284 1324/228/294
f 802/333/286 803/331/295 1247/331/295 1246/333/286
f 655/123/296 656/125/290 1100/125/290 1099/123/296
f 879/226/297 880/228/294 1324/228/294 1323/226/297
f 575/15/298 576/17/287 1020/17/287 1019/15/298
f 649/124/291 650/122/299 1094/122/299 1093/124/291
f 866/227/288 867/223/300 1311/223/300 1310/227/288
f 792/329/301 793/332/292 1237/332/292 1236/329/301
f 570/16/293 571/14/302 1015/14/302 1014/16/293
f 803/331/295 804/330/303 1248/330/303 1247/331/295
f 654/121/304 655/123/296 1099/123/296 1098/121/304
f 878/225/305 879/226/297 1323/226/297 1322/225/305
f 804/330/303 805/328/306 1249/328/306 1248/330/303
f 574/11/307 575/15/298 1019/15/298 1018/11/307
f 650/122/299 651/120/308 1095/120/308 1094/122/299
f 571/14/302 572/13/309 1016/13/309 1015/14/302
f 877/224/310 878/225/305 1322/225/305 1321/224/310
f 791/326/311 792/329/301 1236/329/301 1235/326/311
f 572/13/309 573/12/312 1017/12/312 1016/13/309
f 653/118/313 654/121/304 1098/121/304 1097/118/313
f 876/222/314 877/224/310 1321/224/310 1320/222/314
f 805/328/306 806/325/315 1250/325/315 1249/328/306
f 651/120/308 652/119/316 1096/119/316 1095/120/308
f 867/223/300 868/219/317 1312/219/317 1311/223/300
f 573/12/312 574/11/307 1018/11/307 1017/12/312
f 830/327/282 831/318/318 1275/318/318 1274/327/282
f 532/10/57 529/9/57 973/9/57 976/10/57
f 652/119/316 653/118/313 1097/118/313 1096/119/316
f 531/7/319 532/10/319 976/10/319 975/7/319
f 628/117/58 629/115/320 1073/115/320 1072/117/58
f 875/221/321 876/222/314 1320/222/314 1319/221/321
f 529/9/52 530/8/52 974/8/52 973/9/52
f 627/116/322 628/117/58 1072/117/58 1071/116/322
f 790/324/323 791/326/311 1235/326/311 1234/324/323
f 874/220/324 875/221/321 1319/221/321 1318/220/324
f 806/325/315 807/323/325 1251/323/325 1250/325/315
f 530/8/326 531/7/326 975/7/326 974/8/326
f 626/114/327 627/116/322 1071/116/322 1070/114/327
f 526/6/58 527/5/58 971/5/58 970/6/58
f 629/115/320 630/113/328 1074/113/328 1073/115/320
f 873/218/329 874/220/324 1318/220/324 1317/218/329
f 525/1/330 526/6/330 970/6/330 969/1/330
f 868/219/317 869/216/331 1313/216/331 1312/219/317
f 789/319/332 790/324/323 1234/324/323 1233/319/332
f 527/5/333 528/4/333 972/4/333 971/5/333
f 807/323/325 808/322/334 1252/322/334 1251/323/325
f 625/112/335 626/114/327 1070/114/327 1069/112/335
f 528/4/336 523/3/336 967/3/336 972/4/336
f 630/113/328 631/111/337 1075/111/337 1074/113/328
f 872/217/338 873/218/329 1317/218/329 1316/217/338
f 808/322/334 809/321/339 1253/321/339 1252/322/334
f 523/3/52 524/2/52 968/2/52 967/3/52
f 871/214/340 872/217/338 1316/217/338 1315/214/340
f 809/321/31 810/320/31 1254/320/31 1253/321/31
f 624/110/341 625/112/335 1069/112/335 1068/110/341
f 869/216/331 870/215/342 1314/215/342 1313/216/331
f 524/2/343 525/1/343 969/1/343 968/2/343
f 631/111/337 632/109/344 1076/109/344 1075/111/337
f 788/317/345 789/319/332 1233/319/332 1232/317/345
f 870/215/342 871/214/340 1315/214/340 1314/215/342
f 831/318/318 832/315/346 1276/315/346 1275/318/318
f 677/213/347 678/212/348 1122/212/348 1121/213/347
f 623/108/349 624/110/341 1068/110/341 1067/108/349
f 676/211/350 677/213/347 1121/213/347 1120/211/350
f 632/109/344 633/107/351 1077/107/351 1076/109/344
f 678/212/348 679/210/352 1123/210/352 1122/212/348
f 787/316/353 788/317/345 1232/317/345 1231/316/353
f 786/314/354 787/316/353 1231/316/353 1230/314/354
f 622/106/355 623/108/349 1067/108/349 1066/106/355
f 675/209/356 676/211/350 1120/211/350 1119/209/356
f 832/315/346 833/313/357 1277/313/357 1276/315/346
f 633/107/351 634/105/358 1078/105/358 1077/107/351
f 679/210/352 680/208/359 1124/208/359 1123/210/352
f 785/312/360 786/314/354 1230/314/354 1229/312/360
f 621/104/361 622/106/355 1066/106/355 1065/104/361
f 674/207/362 675/209/356 1119/209/356 1118/207/362
f 833/313/357 834/310/363 1278/310/363 1277/313/357
f 634/105/358 635/103/364 1079/103/364 1078/105/358
f 680/208/359 681/206/365 1125/206/365 1124/208/359
f 784/311/366 785/312/360 1229/312/360 1228/311/366
f 620/102/367 621/104/361 1065/104/361 1064/102/367
f 673/205/368 674/207/362 1118/207/362 1117/205/368
f 635/103/364 636/101/369 1080/101/369 1079/103/364
f 681/206/365 682/204/370 1126/204/370 1125/206/365
f 783/309/371 784/311/366 1228/311/366 1227/309/371
f 834/310/363 835/308/372 1279/308/372 1278/310/363
f 619/100/373 620/102/367 1064/102/367 1063/100/373
f 672/203/374 673/205/368 1117/205/368 1116/203/374
f 636/101/369 637/99/375 1081/99/375 1080/101/369
f 682/204/370 683/202/376 1127/202/376 1126/204/370
f 782/307/377 783/309/371 1227/309/371 1226/307/377
f 835/308/372 836/306/378 1280/306/378 1279/308/372
f 618/98/379 619/100/373 1063/100/373 1062/98/379
f 671/200/380 672/203/374 1116/203/374 1115/200/380
f 637/99/375 638/97/381 1082/97/381 1081/99/375
f 683/202/376 684/191/382 1128/191/382 1127/202/376
f 781/305/383 782/307/377 1226/307/377 1225/305/383
f 836/306/378 837/304/384 1281/304/384 1280/306/378
f 617/95/385 618/98/379 1062/98/379 1061/95/385
f 700/201/386 701/199/387 1145/199/387 1144/201/386
f 638/97/381 639/96/388 1083/96/388 1082/97/381
f 780/303/389 781/305/383 1225/305/383 1224/303/389
f 837/304/384 838/302/390 1282/302/390 1281/304/384
f 639/96/388 592/93/57 1036/93/57 1083/96/388
f 699/198/391 700/201/386 1144/201/386 1143/198/391
f 670/193/392 671/200/380 1115/200/380 1114/193/392
f 779/301/393 780/303/389 1224/303/389 1223/301/393
f 616/94/31 617/95/385 1061/95/385 1060/94/31
f 701/199/387 702/197/394 1146/197/394 1145/199/387
f 838/302/390 839/299/395 1283/299/395 1282/302/390
f 615/92/396 616/94/31 1060/94/31 1059/92/396
f 592/93/57 593/91/397 1037/91/397 1036/93/57
f 698/196/398 699/198/391 1143/198/391 1142/196/398
f 778/300/399 779/301/393 1223/301/393 1222/300/399
f 702/197/394 703/195/400 1147/195/400 1146/197/394
f 777/298/401 778/300/399 1222/300/399 1221/298/401
f 614/90/402 615/92/396 1059/92/396 1058/90/402
f 839/299/395 840/295/403 1284/295/403 1283/299/395
f 593/91/397 594/89/404 1038/89/404 1037/91/397
f 697/194/405 698/196/398 1142/196/398 1141/194/405
f 703/195/400 704/192/406 1148/192/406 1147/195/400
f 776/297/407 777/298/401 1221/298/401 1220/297/407
f 613/88/408 614/90/402 1058/90/402 1057/88/408
f 594/89/404 595/87/409 1039/87/409 1038/89/404
f 696/190/410 697/194/405 1141/194/405 1140/190/410
f 775/296/411 776/297/407 1220/297/407 1219/296/411
f 669/187/412 670/193/392 1114/193/392 1113/187/412
f 774/294/413 775/296/411 1219/296/411 1218/294/413
f 612/86/414 613/88/408 1057/88/408 1056/86/414
f 704/192/406 705/189/415 1149/189/415 1148/192/406
f 840/295/403 841/293/416 1285/293/416 1284/295/403
f 595/87/409 596/85/417 1040/85/417 1039/87/409
f 684/191/382 685/184/19 1129/184/19 1128/191/382
f 773/285/418 774/294/413 1218/294/413 1217/285/418
f 389/313/419 390/310/419 834/310/419 833/313/419
f 230/207/419 231/209/419 675/209/419 674/207/419
f 177/104/419 178/106/419 622/106/419 621/104/419
f 31/421/419 32/418/419 476/418/419 475/421/419
f 341/312/419 342/314/419 786/314/419 785/312/419
f 30/422/419 31/421/419 475/421/419 474/422/419
f 235/210/419 236/208/419 680/208/419 679/210/419
f 189/107/419 190/105/419 634/105/419 633/107/419
f 25/420/419 26/423/419 470/423/419 469/420/419
f 388/315/419 389/313/419 833/313/419 832/315/419
f 231/209/419 232/211/419 676/211/419 675/209/419
f 178/106/419 179/108/419 623/108/419 622/106/419
f 342/314/419 343/316/419 787/316/419 786/314/419
f 29/424/419 30/422/419 474/422/419 473/424/419
f 343/316/419 344/317/419 788/317/419 787/316/419
f 234/212/419 235/210/419 679/210/419 678/212/419
f 188/109/419 189/107/419 633/107/419 632/109/419
f 232/211/419 233/213/419 677/213/419 676/211/419
f 179/108/419 180/110/419 624/110/419 623/108/419
f 28/425/419 29/424/419 473/424/419 472/425/419
f 233/213/419 234/212/419 678/212/419 677/213/419
f 26/423/419 27/426/419 471/426/419 470/423/419
f 387/318/419 388/315/419 832/315/419 831/318/419
f 426/215/419 427/214/419 871/214/419 870/215/419
f 344/317/419 345/319/419 789/319/419 788/317/419
f 187/111/419 188/109/419 632/109/419 631/111/419
f 80/2/419 81/1/419 525/1/419 524/2/419
f 425/216/419 426/215/419 870/215/419 869/216/419
f 180/110/419 181/112/419 625/112/419 624/110/419
f 27/426/419 28/425/419 472/425/419 471/426/419
f 365/321/419 366/320/419 810/320/419 809/321/419
f 427/214/419 428/217/419 872/217/419 871/214/419
f 79/3/419 80/2/419 524/2/419 523/3/419
f 364/322/419 365/321/419 809/321/419 808/322/419
f 428/217/419 429/218/419 873/218/419 872/217/419
f 186/113/419 187/111/419 631/111/419 630/113/419
f 84/4/419 79/3/419 523/3/419 528/4/419
f 58/427/419 59/419/419 503/419/419 502/427/419
f 181/112/419 182/114/419 626/114/419 625/112/419
f 363/323/419 364/322/419 808/322/419 807/323/419
f 83/5/419 84/4/419 528/4/419 527/5/419
f 57/428/419 58/427/419 502/427/419 501/428/419
f 345/319/419 346/324/419 790/324/419 789/319/419
f 424/219/419 425/216/419 869/216/419 868/219/419
f 81/1/419 82/6/419 526/6/419 525/1/419
f 429/218/419 430/220/419 874/220/419 873/218/419
f 185/115/419 186/113/419 630/113/419 629/115/419
f 82/6/419 83/5/419 527/5/419 526/6/419
f 56/429/419 57/428/419 501/428/419 500/429/419
f 182/114/419 183/116/419 627/116/419 626/114/419
f 86/8/419 87/7/419 531/7/419 530/8/419
f 40/406/419 41/430/419 485/430/419 484/406/419
f 362/325/419 363/323/419 807/323/419 806/325/419
f 430/220/419 431/221/419 875/221/419 874/220/419
f 346/324/419 347/326/419 791/326/419 790/324/419
f 183/116/419 184/117/419 628/117/419 627/116/419
f 85/9/419 86/8/419 530/8/419 529/9/419
f 41/430/419 42/431/419 486/431/419 485/430/419
f 431/221/419 432/222/419 876/222/419 875/221/419
f 184/117/419 185/115/419 629/115/419 628/117/419
f 87/7/419 88/10/419 532/10/419 531/7/419
f 208/119/419 209/118/419 653/118/419 652/119/419
f 88/10/419 85/9/419 529/9/419 532/10/419
f 386/327/419 387/318/419 831/318/419 830/327/419
f 129/12/419 130/11/419 574/11/419 573/12/419
f 55/432/419 56/429/419 500/429/419 499/432/419
f 423/223/419 424/219/419 868/219/419 867/223/419
f 207/120/419 208/119/419 652/119/419 651/120/419
f 42/431/419 43/433/419 487/433/419 486/431/419
f 361/328/419 362/325/419 806/325/419 805/328/419
f 432/222/419 433/224/419 877/224/419 876/222/419
f 209/118/419 210/121/419 654/121/419 653/118/419
f 128/13/419 129/12/419 573/12/419 572/13/419
f 347/326/419 348/329/419 792/329/419 791/326/419
f 43/433/419 44/434/419 488/434/419 487/433/419
f 433/224/419 434/225/419 878/225/419 877/224/419
f 127/14/419 128/13/419 572/13/419 571/14/419
f 206/122/419 207/120/419 651/120/419 650/122/419
f 130/11/419 131/15/419 575/15/419 574/11/419
f 44/434/419 45/435/419 489/435/419 488/434/419
f 360/330/419 361/328/419 805/328/419 804/330/419
f 434/225/419 435/226/419 879/226/419 878/225/419
f 210/121/419 211/123/419 655/123/419 654/121/419
f 359/331/419 360/330/419 804/330/419 803/331/419
f 126/16/419 127/14/419 571/14/419 570/16/419
f 54/436/419 55/432/419 499/432/419 498/436/419
f 348/329/419 349/332/419 793/332/419 792/329/419
f 422/227/419 423/223/419 867/223/419 866/227/419
f 205/124/419 206/122/419 650/122/419 649/124/419
f 131/15/419 132/17/419 576/17/419 575/15/419
f 45/435/419 46/437/419 490/437/419 489/435/419
f 435/226/419 436/228/419 880/228/419 879/226/419
f 211/123/419 212/125/419 656/125/419 655/123/419
f 46/437/419 47/438/419 491/438/419 490/437/419
f 358/333/419 359/331/419 803/331/419 802/333/419
f 436/228/419 437/229/419 881/229/419 880/228/419
f 125/18/419 126/16/419 570/16/419 569/18/419
f 349/332/419 350/334/419 794/334/419 793/332/419
f 204/126/419 205/124/419 649/124/419 648/126/419
f 212/125/419 213/127/419 657/127/419 656/125/419
f 124/19/419 125/18/419 569/18/419 568/19/419
f 53/439/419 54/436/419 498/436/419 497/439/419
f 421/230/419 422/227/419 866/227/419 865/230/419
f 132/17/419 133/20/419 577/20/419 576/17/419
f 47/438/419 48/440/419 492/440/419 491/438/419
f 357/335/419 358/333/419 802/333/419 801/335/419
f 437/229/419 438/231/419 882/231/419 881/229/419
f 203/128/419 204/126/419 648/126/419 647/128/419
f 48/440/419 49/441/419 493/441/419 492/440/419
f 385/336/419 386/327/419 830/327/419 829/336/419
f 438/231/419 292/232/419 736/232/419 882/231/419
f 213/127/419 214/129/419 658/129/419 657/127/419
f 123/21/419 124/19/419 568/19/419 567/21/419
f 350/334/419 351/337/419 795/337/419 794/334/419
f 292/232/419 293/233/419 737/233/419 736/232/419
f 89/23/419 90/22/419 534/22/419 533/23/419
f 49/441/419 50/442/419 494/442/419 493/441/419
f 293/233/419 294/234/419 738/234/419 737/233/419
f 143/24/419 89/23/419 533/23/419 587/24/419
f 356/338/419 357/335/419 801/335/419 800/338/419
f 52/443/419 53/439/419 497/439/419 496/443/419
f 294/234/419 295/235/419 739/235/419 738/234/419
f 202/131/419 203/128/419 647/128/419 646/131/419
f 142/25/419 143/24/419 587/24/419 586/25/419
f 50/442/419 51/444/419 495/444/419 494/442/419
f 355/339/419 356/338/419 800/338/419 799/339/419
f 133/20/419 134/26/419 578/26/419 577/20/419
f 51/444/419 52/443/419 496/443/419 495/444/419
f 351/337/419 352/340/419 796/340/419 795/337/419
f 295/235/419 296/236/419 740/236/419 739/235/419
f 279/132/419 280/130/419 724/130/419 723/132/419
f 280/130/419 281/133/419 725/133/419 724/130/419
f 122/27/419 123/21/419 567/21/419 566/27/419
f 354/341/419 355/339/419 799/339/419 798/341/419
f 296/236/419 297/237/419 741/237/419 740/236/419
f 281/133/419 282/134/419 726/134/419 725/133/419
f 352/340/419 353/342/419 797/342/419 796/340/419
f 121/28/419 122/27/419 566/27/419 565/28/419
f 297/237/419 298/238/419 742/238/419 741/237/419
f 134/26/419 135/29/419 579/29/419 578/26/419
f 278/135/419 279/132/419 723/132/419 722/135/419
f 353/342/419 354/341/419 798/341/419 797/342/419
f 214/129/419 215/136/419 659/136/419 658/129/419
f 420/239/419 421/230/419 865/230/419 864/239/419
f 120/30/419 121/28/419 565/28/419 564/30/419
f 298/238/419 299/240/419 743/240/419 742/238/419
f 135/29/419 136/31/419 580/31/419 579/29/419
f 384/343/419 385/336/419 829/336/419 828/343/419
f 201/137/419 202/131/419 646/131/419 645/137/419
f 299/240/419 300/241/419 744/241/419 743/240/419
f 282/134/419 283/138/419 727/138/419 726/134/419
f 383/344/419 384/343/419 828/343/419 827/344/419
f 119/32/419 120/30/419 564/30/419 563/32/419
f 382/345/419 383/344/419 827/344/419 826/345/419
f 419/242/419 420/239/419 864/239/419 863/242/419
f 277/139/419 278/135/419 722/135/419 721/139/419
f 118/33/419 119/32/419 563/32/419 562/33/419
f 366/320/419 367/346/419 811/346/419 810/320/419
f 300/241/419 301/243/419 745/243/419 744/241/419
f 283/138/419 284/140/419 728/140/419 727/138/419
f 136/31/419 137/34/419 581/34/419 580/31/419
f 367/346/419 368/347/419 812/347/419 811/346/419
f 301/243/419 302/244/419 746/244/419 745/243/419
f 276/141/419 277/139/419 721/139/419 720/141/419
f 117/35/419 118/33/419 562/33/419 561/35/419
f 368/347/419 369/348/419 813/348/419 812/347/419
f 302/244/419 303/245/419 747/245/419 746/244/419
f 284/140/419 285/142/419 729/142/419 728/140/419
f 137/34/419 138/36/419 582/36/419 581/34/419
f 215/136/419 216/143/419 660/143/419 659/136/419
f 381/349/419 382/345/419 826/345/419 825/349/419
f 418/246/419 419/242/419 863/242/419 862/246/419
f 369/348/419 370/350/419 814/350/419 813/348/419
f 303/245/419 304/247/419 748/247/419 747/245/419
f 105/37/419 106/38/419 550/38/419 549/37/419
f 200/144/419 201/137/419 645/137/419 644/144/419
f 370/350/419 371/351/419 815/351/419 814/350/419
f 304/247/419 305/248/419 749/248/419 748/247/419
f 106/38/419 107/39/419 551/39/419 550/38/419
f 275/145/419 276/141/419 720/141/419 719/145/419
f 285/142/419 286/146/419 730/146/419 729/142/419
f 107/39/419 108/40/419 552/40/419 551/39/419
f 380/352/419 381/349/419 825/349/419 824/352/419
f 417/249/419 418/246/419 862/246/419 861/249/419
f 371/351/419 372/353/419 816/353/419 815/351/419
f 305/248/419 306/250/419 750/250/419 749/248/419
f 108/40/419 109/41/419 553/41/419 552/40/419
f 274/147/419 275/145/419 719/145/419 718/147/419
f 372/353/419 373/354/419 817/354/419 816/353/419
f 306/250/419 307/251/419 751/251/419 750/250/419
f 286/146/419 287/148/419 731/148/419 730/146/419
f 109/41/419 110/42/419 554/42/419 553/41/419
f 373/354/419 374/355/419 818/355/419 817/354/419
f 307/251/419 308/252/419 752/252/419 751/251/419
f 216/143/419 217/149/419 661/149/419 660/143/419
f 110/42/419 111/43/419 555/43/419 554/42/419
f 111/43/419 112/44/419 556/44/419 555/43/419
f 379/356/419 380/352/419 824/352/419 823/356/419
f 416/253/419 417/249/419 861/249/419 860/253/419
f 199/150/419 200/144/419 644/144/419 643/150/419
f 374/355/419 375/357/419 819/357/419 818/355/419
f 308/252/419 309/254/419 753/254/419 752/252/419
f 112/44/419 113/45/419 557/45/419 556/44/419
f 273/151/419 274/147/419 718/147/419 717/151/419
f 375/357/419 376/358/419 820/358/419 819/357/419
f 309/254/419 310/255/419 754/255/419 753/254/419
f 287/148/419 288/152/419 732/152/419 731/148/419
f 113/45/419 114/46/419 558/46/419 557/45/419
f 310/255/419 311/256/419 755/256/419 754/255/419
f 114/46/419 115/47/419 559/47/419 558/46/419
f 378/359/419 379/356/419 823/356/419 822/359/419
f 272/153/419 273/151/419 717/151/419 716/153/419
f 376/358/419 377/360/419 821/360/419 820/358/419
f 217/149/419 218/154/419 662/154/419 661/149/419
f 115/47/419 116/48/419 560/48/419 559/47/419
f 377/360/419 378/359/419 822/359/419 821/360/419
f 415/257/419 416/253/419 860/253/419 859/257/419
f 116/48/419 117/35/419 561/35/419 560/48/419
f 440/362/419 441/361/419 885/361/419 884/362/419
f 311/256/419 312/258/419 756/258/419 755/256/419
f 138/36/419 139/49/419 583/49/419 582/36/419
f 198/155/419 199/150/419 643/150/419 642/155/419
f 439/363/419 440/362/419 884/362/419 883/363/419
f 312/258/419 313/259/419 757/259/419 756/258/419
f 288/152/419 289/156/419 733/156/419 732/152/419
f 441/361/419 442/364/419 886/364/419 885/361/419
f 104/50/419 105/37/419 549/37/419 548/50/419
f 313/259/419 314/260/419 758/260/419 757/259/419
f 139/49/419 140/51/419 584/51/419 583/49/419
f 271/157/419 272/153/419 716/153/419 715/157/419
f 444/365/419 439/363/419 883/363/419 888/365/419
f 289/156/419 290/158/419 734/158/419 733/156/419
f 442/364/419 443/366/419 887/366/419 886/364/419
f 414/261/419 415/257/419 859/257/419 858/261/419
f 103/52/419 104/50/419 548/50/419 547/52/419
f 443/366/419 444/365/419 888/365/419 887/366/419
f 314/260/419 315/262/419 759/262/419 758/260/419
f 218/154/419 219/159/419 663/159/419 662/154/419
f 2/368/419 3/367/419 447/367/419 446/368/419
f 102/53/419 103/52/419 547/52/419 546/53/419
f 315/262/419 316/263/419 760/263/419 759/262/419
f 197/160/419 198/155/419 642/155/419 641/160/419
f 101/54/419 102/53/419 546/53/419 545/54/419
f 140/51/419 141/55/419 585/55/419 584/51/419
f 1/370/419 2/368/419 446/368/419 445/370/419
f 413/264/419 414/261/419 858/261/419 857/264/419
f 270/161/419 271/157/419 715/157/419 714/161/419
f 77/369/419 78/371/419 522/371/419 521/369/419
f 316/263/419 317/265/419 761/265/419 760/263/419
f 290/158/419 291/162/419 735/162/419 734/158/419
f 78/371/419 1/370/419 445/370/419 522/371/419
f 100/56/419 101/54/419 545/54/419 544/56/419
f 76/372/419 77/369/419 521/369/419 520/372/419
f 412/266/419 413/264/419 857/264/419 856/266/419
f 269/163/419 270/161/419 714/161/419 713/163/419
f 99/57/419 100/56/419 544/56/419 543/57/419
f 75/373/419 76/372/419 520/372/419 519/373/419
f 317/265/419 318/267/419 762/267/419 761/265/419
f 219/159/419 220/164/419 664/164/419 663/159/419
f 141/55/419 142/25/419 586/25/419 585/55/419
f 74/374/419 75/373/419 519/373/419 518/374/419
f 411/268/419 412/266/419 856/266/419 855/268/419
f 196/165/419 197/160/419 641/160/419 640/165/419
f 318/267/419 319/269/419 763/269/419 762/267/419
f 291/162/419 244/166/419 688/166/419 735/162/419
f 98/58/419 99/57/419 543/57/419 542/58/419
f 73/375/419 74/374/419 518/374/419 517/375/419
f 97/59/419 98/58/419 542/58/419 541/59/419
f 72/376/419 73/375/419 517/375/419 516/376/419
f 410/270/419 411/268/419 855/268/419 854/270/419
f 268/167/419 269/163/419 713/163/419 712/167/419
f 319/269/419 320/271/419 764/271/419 763/269/419
f 220/164/419 221/168/419 665/168/419 664/164/419
f 96/60/419 97/59/419 541/59/419 540/60/419
f 71/377/419 72/376/419 516/376/419 515/377/419
f 3/367/419 4/378/419 448/378/419 447/367/419
f 244/166/419 245/169/419 689/169/419 688/166/419
f 95/61/419 96/60/419 540/60/419 539/61/419
f 409/272/419 410/270/419 854/270/419 853/272/419
f 320/271/419 321/273/419 765/273/419 764/271/419
f 94/62/419 95/61/419 539/61/419 538/62/419
f 70/379/419 71/377/419 515/377/419 514/379/419
f 243/170/419 196/165/419 640/165/419 687/170/419
f 4/378/419 5/380/419 449/380/419 448/378/419
f 321/273/419 322/274/419 766/274/419 765/273/419
f 93/63/419 94/62/419 538/62/419 537/63/419
f 267/171/419 268/167/419 712/167/419 711/171/419
f 245/169/419 246/172/419 690/172/419 689/169/419
f 92/64/419 93/63/419 537/63/419 536/64/419
f 69/381/419 70/379/419 514/379/419 513/381/419
f 408/275/419 409/272/419 853/272/419 852/275/419
f 90/22/419 91/65/419 535/65/419 534/22/419
f 5/380/419 6/382/419 450/382/419 449/380/419
f 322/274/419 323/276/419 767/276/419 766/274/419
f 221/168/419 222/173/419 666/173/419 665/168/419
f 91/65/419 92/64/419 536/64/419 535/65/419
f 145/67/419 146/66/419 590/66/419 589/67/419
f 68/383/419 69/381/419 513/381/419 512/383/419
f 407/277/419 408/275/419 852/275/419 851/277/419
f 266/174/419 267/171/419 711/171/419 710/174/419
f 144/68/419 145/67/419 589/67/419 588/68/419
f 6/382/419 7/384/419 451/384/419 450/382/419
f 323/276/419 324/278/419 768/278/419 767/276/419
f 246/172/419 247/175/419 691/175/419 690/172/419
f 146/66/419 147/69/419 591/69/419 590/66/419
f 147/69/419 144/68/419 588/68/419 591/69/419
f 7/384/419 8/385/419 452/385/419 451/384/419
f 324/278/419 325/279/419 769/279/419 768/278/419
f 160/71/419 161/70/419 605/70/419 604/71/419
f 242/176/419 243/170/419 687/170/419 686/176/419
f 8/385/419 9/386/419 453/386/419 452/385/419
f 159/72/419 160/71/419 604/71/419 603/72/419
f 406/280/419 407/277/419 851/277/419 850/280/419
f 265/177/419 266/174/419 710/174/419 709/177/419
f 325/279/419 326/281/419 770/281/419 769/279/419
f 222/173/419 223/178/419 667/178/419 666/173/419
f 158/73/419 159/72/419 603/72/419 602/73/419
f 67/387/419 68/383/419 512/383/419 511/387/419
f 161/70/419 162/74/419 606/74/419 605/70/419
f 9/386/419 10/388/419 454/388/419 453/386/419
f 326/281/419 327/282/419 771/282/419 770/281/419
f 247/175/419 248/179/419 692/179/419 691/175/419
f 10/388/419 11/389/419 455/389/419 454/388/419
f 157/75/419 158/73/419 602/73/419 601/75/419
f 405/283/419 406/280/419 850/280/419 849/283/419
f 264/180/419 265/177/419 709/177/419 708/180/419
f 162/74/419 163/76/419 607/76/419 606/74/419
f 327/282/419 328/284/419 772/284/419 771/282/419
f 248/179/419 249/181/419 693/181/419 692/179/419
f 66/390/419 67/387/419 511/387/419 510/390/419
f 11/389/419 12/391/419 456/391/419 455/389/419
f 328/284/419 329/285/419 773/285/419 772/284/419
f 223/178/419 224/182/419 668/182/419 667/178/419
f 156/77/419 157/75/419 601/75/419 600/77/419
f 163/76/419 164/78/419 608/78/419 607/76/419
f 12/391/419 13/392/419 457/392/419 456/391/419
f 404/286/419 405/283/419 849/283/419 848/286/419
f 263/183/419 264/180/419 708/180/419 707/183/419
f 155/79/419 156/77/419 600/77/419 599/79/419
f 65/393/419 66/390/419 510/390/419 509/393/419
f 403/287/419 404/286/419 848/286/419 847/287/419
f 241/184/419 242/176/419 686/176/419 685/184/419
f 164/78/419 165/80/419 609/80/419 608/78/419
f 13/392/419 14/394/419 458/394/419 457/392/419
f 249/181/419 250/185/419 694/185/419 693/181/419
f 402/288/419 403/287/419 847/287/419 846/288/419
f 154/81/419 155/79/419 599/79/419 598/81/419
f 64/395/419 65/393/419 509/393/419 508/395/419
f 401/289/419 402/288/419 846/288/419 845/289/419
f 262/186/419 263/183/419 707/183/419 706/186/419
f 165/80/419 166/82/419 610/82/419 609/80/419
f 14/394/419 15/396/419 459/396/419 458/394/419
f 224/182/419 225/187/419 669/187/419 668/182/419
f 400/290/419 401/289/419 845/289/419 844/290/419
f 15/396/419 16/397/419 460/397/419 459/396/419
f 250/185/419 251/188/419 695/188/419 694/185/419
f 153/83/419 154/81/419 598/81/419 597/83/419
f 399/291/419 400/290/419 844/290/419 843/291/419
f 166/82/419 167/84/419 611/84/419 610/82/419
f 63/398/419 64/395/419 508/395/419 507/398/419
f 398/292/419 399/291/419 843/291/419 842/292/419
f 261/189/419 262/186/419 706/186/419 705/189/419
f 16/397/419 17/399/419 461/399/419 460/397/419
f 251/188/419 252/190/419 696/190/419 695/188/419
f 152/85/419 153/83/419 597/83/419 596/85/419
f 397/293/419 398/292/419 842/292/419 841/293/419
f 167/84/419 168/86/419 612/86/419 611/84/419
f 17/399/419 18/400/419 462/400/419 461/399/419
f 329/285/419 330/294/419 774/294/419 773/285/419
f 240/191/419 241/184/419 685/184/419 684/191/419
f 151/87/419 152/85/419 596/85/419 595/87/419
f 62/401/419 63/398/419 507/398/419 506/401/419
f 396/295/419 397/293/419 841/293/419 840/295/419
f 260/192/419 261/189/419 705/189/419 704/192/419
f 168/86/419 169/88/419 613/88/419 612/86/419
f 18/400/419 19/402/419 463/402/419 462/400/419
f 330/294/419 331/296/419 775/296/419 774/294/419
f 225/187/419 226/193/419 670/193/419 669/187/419
f 19/402/419 20/403/419 464/403/419 463/402/419
f 331/296/419 332/297/419 776/297/419 775/296/419
f 252/190/419 253/194/419 697/194/419 696/190/419
f 150/89/419 151/87/419 595/87/419 594/89/419
f 169/88/419 170/90/419 614/90/419 613/88/419
f 332/297/419 333/298/419 777/298/419 776/297/419
f 61/404/419 62/401/419 506/401/419 505/404/419
f 259/195/419 260/192/419 704/192/419 703/195/419
f 20/403/419 21/405/419 465/405/419 464/403/419
f 253/194/419 254/196/419 698/196/419 697/194/419
f 149/91/419 150/89/419 594/89/419 593/91/419
f 395/299/419 396/295/419 840/295/419 839/299/419
f 170/90/419 171/92/419 615/92/419 614/90/419
f 39/407/419 40/406/419 484/406/419 483/407/419
f 333/298/419 334/300/419 778/300/419 777/298/419
f 258/197/419 259/195/419 703/195/419 702/197/419
f 38/408/419 39/407/419 483/407/419 482/408/419
f 334/300/419 335/301/419 779/301/419 778/300/419
f 254/196/419 255/198/419 699/198/419 698/196/419
f 148/93/419 149/91/419 593/91/419 592/93/419
f 171/92/419 172/94/419 616/94/419 615/92/419
f 37/409/419 38/408/419 482/408/419 481/409/419
f 21/405/419 22/410/419 466/410/419 465/405/419
f 394/302/419 395/299/419 839/299/419 838/302/419
f 257/199/419 258/197/419 702/197/419 701/199/419
f 172/94/419 173/95/419 617/95/419 616/94/419
f 335/301/419 336/303/419 780/303/419 779/301/419
f 226/193/419 227/200/419 671/200/419 670/193/419
f 60/411/419 61/404/419 505/404/419 504/411/419
f 255/198/419 256/201/419 700/201/419 699/198/419
f 195/96/419 148/93/419 592/93/419 639/96/419
f 393/304/419 394/302/419 838/302/419 837/304/419
f 36/412/419 37/409/419 481/409/419 480/412/419
f 336/303/419 337/305/419 781/305/419 780/303/419
f 194/97/419 195/96/419 639/96/419 638/97/419
f 22/410/419 23/413/419 467/413/419 466/410/419
f 256/201/419 257/199/419 701/199/419 700/201/419
f 173/95/419 174/98/419 618/98/419 617/95/419
f 392/306/419 393/304/419 837/304/419 836/306/419
f 35/414/419 36/412/419 480/412/419 479/414/419
f 337/305/419 338/307/419 782/307/419 781/305/419
f 239/202/419 240/191/419 684/191/419 683/202/419
f 193/99/419 194/97/419 638/97/419 637/99/419
f 227/200/419 228/203/419 672/203/419 671/200/419
f 174/98/419 175/100/419 619/100/419 618/98/419
f 34/415/419 35/414/419 479/414/419 478/415/419
f 23/413/419 24/416/419 468/416/419 467/413/419
f 391/308/419 392/306/419 836/306/419 835/308/419
f 338/307/419 339/309/419 783/309/419 782/307/419
f 238/204/419 239/202/419 683/202/419 682/204/419
f 192/101/419 193/99/419 637/99/419 636/101/419
f 228/203/419 229/205/419 673/205/419 672/203/419
f 175/100/419 176/102/419 620/102/419 619/100/419
f 33/417/419 34/415/419 478/415/419 477/417/419
f 390/310/419 391/308/419 835/308/419 834/310/419
f 32/418/419 33/417/419 477/417/419 476/418/419
f 339/309/419 340/311/419 784/311/419 783/309/419
f 237/206/419 238/204/419 682/204/419 681/206/419
f 191/103/419 192/101/419 636/101/419 635/103/419
f 229/205/419 230/207/419 674/207/419 673/205/419
f 176/102/419 177/104/419 621/104/419 620/102/419
f 59/419/419 60/411/419 504/411/419 503/419/419
f 340/311/419 341/312/419 785/312/419 784/311/419
f 24/416/419 25/420/419 469/420/419 468/416/419
f 236/208/419 237/206/419 681/206/419 680/208/419
f 190/105/419 191/103/419 635/103/419 634/105/419
f 969/445/419 967/446/419 968/447/419
f 969/445/419 972/448/419 967/446/419
f 969/445/419 971/449/419 972/448/419
f 970/450/419 971/449/419 969/445/419
f 975/451/419 973/452/419 974/453/419
f 975/451/419 976/454/419 973/452/419
f 1018/455/419 1016/456/419 1017/457/419
f 1018/455/419 1015/458/419 1016/456/419
f 1019/459/419 1015/458/419 1018/455/419
f 1019/459/419 1014/460/419 1015/458/419
f 1020/461/419 1014/460/419 1019/459/419
f 1020/461/419 1013/462/419 1014/460/419
f 1020/461/419 1012/463/419 1013/462/419
f 1021/464/419 1012/463/419 1020/461/419
f 1021/464/419 1011/465/419 1012/463/419
f 978/466/419 1031/467/419 977/468/419
f 978/466/419 1030/469/419 1031/467/419
f 1022/470/419 1011/465/419 1021/464/419
f 1022/470/419 1010/471/419 1011/465/419
f 1022/470/419 1009/472/419 1010/471/419
f 1023/473/419 1009/472/419 1022/470/419
f 1023/473/419 1008/474/419 1009/472/419
f 1024/475/419 1008/474/419 1023/473/419
f 1024/475/419 1007/476/419 1008/474/419
f 1024/475/419 1006/477/419 1007/476/419
f 1025/478/419 1006/477/419 1024/475/419
f 1025/478/419 1005/479/419 1006/477/419
f 1026/480/419 1005/479/419 1025/478/419
f 1026/480/419 993/481/419 1005/479/419
f 993/481/419 994/482/419 1005/479/419
f 994/482/419 995/483/419 1005/479/419
f 995/483/419 996/484/419 1005/479/419
f 996/484/419 997/485/419 1005/479/419
f 997/485/419 998/486/419 1005/479/419
f 998/486/419 999/487/419 1005/479/419
f 999/487/419 1000/488/419 1005/479/419
f 1000/488/419 1001/489/419 1005/479/419
f 1001/489/419 1002/490/419 1005/479/419
f 1002/490/419 1003/491/419 1005/479/419
f 1003/491/419 1004/492/419 1005/479/419
f 1027/493/419 992/494/419 1026/480/419
f 992/494/419 993/481/419 1026/480/419
f 1028/495/419 992/494/419 1027/493/419
f 1028/495/419 991/496/419 992/494/419
f 1028/495/419 990/497/419 991/496/419
f 1028/495/419 989/498/419 990/497/419
f 1029/499/419 989/498/419 1028/495/419
f 1029/499/419 988/500/419 989/498/419
f 1029/499/419 987/501/419 988/500/419
f 978/466/419 1029/499/419 1030/469/419
f 978/466/419 987/501/419 1029/499/419
f 978/466/419 986/502/419 987/501/419
f 978/466/419 985/503/419 986/502/419
f 978/466/419 984/504/419 985/503/419
f 978/466/419 983/505/419 984/504/419
f 978/466/419 982/506/419 983/505/419
f 978/466/419 981/507/419 982/506/419
f 978/466/419 980/508/419 981/507/419
f 978/466/419 979/509/419 980/508/419
f 1034/510/419 1032/511/419 1033/512/419
f 1034/510/419 1035/513/419 1032/511/419
f 1049/514/419 1047/515/419 1048/516/419
f 1049/514/419 1046/517/419 1047/515/419
f 1050/518/419 1046/517/419 1049/514/419
f 1050/518/419 1045/519/419 1046/517/419
f 1051/520/419 1045/519/419 1050/518/419
f 1051/520/419 1044/521/419 1045/519/419
f 1052/522/419 1044/521/419 1051/520/419
f 1052/522/419 1043/523/419 1044/521/419
f 1053/524/419 1043/523/419 1052/522/419
f 1053/524/419 1042/525/419 1043/523/419
f 1054/526/419 1042/525/419 1053/524/419
f 1054/526/419 1041/527/419 1042/525/419
f 1055/528/419 1041/527/419 1054/526/419
f 1055/528/419 1040/529/419 1041/527/419
f 1056/530/419 1040/529/419 1055/528/419
f 1056/530/419 1039/531/419 1040/529/419
f 1057/532/419 1039/531/419 1056/530/419
f 1057/532/419 1038/533/419 1039/531/419
f 1058/534/419 1038/533/419 1057/532/419
f 1058/534/419 1037/535/419 1038/533/419
f 1059/536/419 1037/535/419 1058/534/419
f 1059/536/419 1036/537/419 1037/535/419
f 1060/538/419 1036/537/419 1059/536/419
f 1061/539/419 1036/537/419 1060/538/419
f 1061/539/419 1083/540/419 1036/537/419
f 1061/539/419 1082/541/419 1083/540/419
f 1062/542/419 1082/541/419 1061/539/419
f 1062/542/419 1081/543/419 1082/541/419
f 1063/544/419 1081/543/419 1062/542/419
f 1063/544/419 1080/545/419 1081/543/419
f 1064/546/419 1080/545/419 1063/544/419
f 1064/546/419 1079/547/419 1080/545/419
f 1065/548/419 1079/547/419 1064/546/419
f 1065/548/419 1078/549/419 1079/547/419
f 1066/550/419 1078/549/419 1065/548/419
f 1066/550/419 1077/551/419 1078/549/419
f 1067/552/419 1077/551/419 1066/550/419
f 1067/552/419 1076/553/419 1077/551/419
f 1068/554/419 1076/553/419 1067/552/419
f 1068/554/419 1075/555/419 1076/553/419
f 1069/556/419 1075/555/419 1068/554/419
f 1069/556/419 1074/557/419 1075/555/419
f 1070/558/419 1074/557/419 1069/556/419
f 1070/558/419 1073/559/419 1074/557/419
f 1071/560/419 1073/559/419 1070/558/419
f 1071/560/419 1072/561/419 1073/559/419
f 1097/562/419 1095/563/419 1096/564/419
f 1098/565/419 1095/563/419 1097/562/419
f 1098/565/419 1094/566/419 1095/563/419
f 1099/567/419 1094/566/419 1098/565/419
f 1099/567/419 1093/568/419 1094/566/419
f 1100/569/419 1093/568/419 1099/567/419
f 1100/569/419 1092/570/419 1093/568/419
f 1101/571/419 1092/570/419 1100/569/419
f 1101/571/419 1091/572/419 1092/570/419
f 1102/573/419 1091/572/419 1101/571/419
f 1102/573/419 1168/574/419 1091/572/419
f 1168/574/419 1090/575/419 1091/572/419
f 1102/573/419 1167/576/419 1168/574/419
f 1169/577/419 1090/575/419 1168/574/419
f 1170/578/419 1090/575/419 1169/577/419
f 1102/573/419 1166/579/419 1167/576/419
f 1103/580/419 1166/579/419 1102/573/419
f 1170/578/419 1089/581/419 1090/575/419
f 1171/582/419 1089/581/419 1170/578/419
f 1103/580/419 1165/583/419 1166/579/419
f 1172/584/419 1089/581/419 1171/582/419
f 1103/580/419 1164/585/419 1165/583/419
f 1173/586/419 1089/581/419 1172/584/419
f 1104/587/419 1164/585/419 1103/580/419
f 1173/586/419 1088/588/419 1089/581/419
f 1104/587/419 1163/589/419 1164/585/419
f 1174/590/419 1088/588/419 1173/586/419
f 1104/587/419 1162/591/419 1163/589/419
f 1175/592/419 1088/588/419 1174/590/419
f 1105/593/419 1162/591/419 1104/587/419
f 1175/592/419 1087/594/419 1088/588/419
f 1105/593/419 1161/595/419 1162/591/419
f 1176/596/419 1087/594/419 1175/592/419
f 1105/593/419 1160/597/419 1161/595/419
f 1106/598/419 1160/597/419 1105/593/419
f 1176/596/419 1086/599/419 1087/594/419
f 1177/600/419 1086/599/419 1176/596/419
f 1106/598/419 1159/601/419 1160/597/419
f 1178/602/419 1086/599/419 1177/600/419
f 1107/603/419 1159/601/419 1106/598/419
f 1178/602/419 1085/604/419 1086/599/419
f 1107/603/419 1158/605/419 1159/601/419
f 1179/606/419 1085/604/419 1178/602/419
f 1107/603/419 1157/607/419 1158/605/419
f 1108/608/419 1157/607/419 1107/603/419
f 1179/606/419 1084/609/419 1085/604/419
f 1132/610/419 1084/609/419 1179/606/419
f 1108/608/419 1156/611/419 1157/607/419
f 1109/612/419 1156/611/419 1108/608/419
f 1133/613/419 1084/609/419 1132/610/419
f 1133/613/419 1131/614/419 1084/609/419
f 1109/612/419 1155/615/419 1156/611/419
f 1134/616/419 1131/614/419 1133/613/419
f 1110/617/419 1155/615/419 1109/612/419
f 1110/617/419 1154/618/419 1155/615/419
f 1135/619/419 1131/614/419 1134/616/419
f 1135/619/419 1130/620/419 1131/614/419
f 1110/617/419 1153/621/419 1154/618/419
f 1111/622/419 1153/621/419 1110/617/419
f 1136/623/419 1130/620/419 1135/619/419
f 1111/622/419 1152/624/419 1153/621/419
f 1137/625/419 1130/620/419 1136/623/419
f 1112/626/419 1152/624/419 1111/622/419
f 1112/626/419 1151/627/419 1152/624/419
f 1137/625/419 1129/628/419 1130/620/419
f 1138/629/419 1129/628/419 1137/625/419
f 1112/626/419 1150/630/419 1151/627/419
f 1113/631/419 1150/630/419 1112/626/419
f 1139/632/419 1129/628/419 1138/629/419
f 1113/631/419 1149/633/419 1150/630/419
f 1140/634/419 1129/628/419 1139/632/419
f 1140/634/419 1128/635/419 1129/628/419
f 1113/631/419 1148/636/419 1149/633/419
f 1114/637/419 1148/636/419 1113/631/419
f 1141/638/419 1128/635/419 1140/634/419
f 1114/637/419 1147/639/419 1148/636/419
f 1142/640/419 1128/635/419 1141/638/419
f 1114/637/419 1146/641/419 1147/639/419
f 1143/642/419 1128/635/419 1142/640/419
f 1114/637/419 1145/643/419 1146/641/419
f 1115/644/419 1145/643/419 1114/637/419
f 1144/645/419 1128/635/419 1143/642/419
f 1115/644/419 1144/645/419 1145/643/419
f 1115/644/419 1128/635/419 1144/645/419
f 1115/644/419 1127/646/419 1128/635/419
f 1116/647/419 1127/646/419 1115/644/419
f 1116/647/419 1126/648/419 1127/646/419
f 1117/649/419 1126/648/419 1116/647/419
f 1117/649/419 1125/650/419 1126/648/419
f 1118/651/419 1125/650/419 1117/649/419
f 1118/651/419 1124/652/419 1125/650/419
f 1119/653/419 1124/652/419 1118/651/419
f 1119/653/419 1123/654/419 1124/652/419
f 1120/655/419 1123/654/419 1119/653/419
f 1120/655/419 1122/656/419 1123/654/419
f 1121/657/419 1122/656/419 1120/655/419
f 1315/658/419 1313/659/419 1314/660/419
f 1316/661/419 1313/659/419 1315/658/419
f 1317/662/419 1313/659/419 1316/661/419
f 1317/662/419 1312/663/419 1313/659/419
f 1318/664/419 1312/663/419 1317/662/419
f 1319/665/419 1312/663/419 1318/664/419
f 1320/666/419 1312/663/419 1319/665/419
f 1320/666/419 1311/667/419 1312/663/419
f 1321/668/419 1311/667/419 1320/666/419
f 1322/669/419 1311/667/419 1321/668/419
f 1323/670/419 1311/667/419 1322/669/419
f 1323/670/419 1310/671/419 1311/667/419
f 1324/672/419 1310/671/419 1323/670/419
f 1325/673/419 1310/671/419 1324/672/419
f 1325/673/419 1309/674/419 1310/671/419
f 1326/675/419 1309/674/419 1325/673/419
f 1180/676/419 1181/677/419 1326/675/419
f 1181/677/419 1182/678/419 1326/675/419
f 1182/678/419 1183/679/419 1326/675/419
f 1183/679/419 1184/680/419 1326/675/419
f 1184/680/419 1309/674/419 1326/675/419
f 1184/680/419 1185/681/420 1309/674/419
f 1185/681/420 1186/682/419 1309/674/419
f 1186/682/419 1308/683/419 1309/674/419
f 1186/682/419 1187/684/421 1308/683/419
f 1187/684/421 1188/685/419 1308/683/419
f 1188/685/419 1307/686/419 1308/683/419
f 1188/685/419 1189/687/419 1307/686/419
f 1189/687/419 1190/688/419 1307/686/419
f 1190/688/419 1191/689/419 1307/686/419
f 1191/689/419 1306/690/419 1307/686/419
f 1191/689/419 1192/691/419 1306/690/419
f 1192/691/419 1193/692/419 1306/690/419
f 1193/692/419 1305/693/419 1306/690/419
f 1194/694/419 1305/693/419 1193/692/419
f 1195/695/419 1305/693/419 1194/694/419
f 1196/696/419 1305/693/419 1195/695/419
f 1196/696/419 1304/697/419 1305/693/419
f 1197/698/419 1304/697/419 1196/696/419
f 1198/699/419 1304/697/419 1197/698/419
f 1199/700/419 1304/697/419 1198/699/419
f 1199/700/419 1303/701/419 1304/697/419
f 1200/702/419 1303/701/419 1199/700/419
f 1201/703/419 1303/701/419 1200/702/419
f 1202/704/419 1303/701/419 1201/703/419
f 1202/704/419 1302/705/419 1303/701/419
f 1203/706/419 1302/705/419 1202/704/419
f 1204/707/419 1302/705/419 1203/706/419
f 1204/707/419 1301/708/419 1302/705/419
f 1205/709/419 1301/708/419 1204/707/419
f 1205/709/419 1300/710/419 1301/708/419
f 1206/711/419 1300/710/419 1205/709/419
f 1206/711/419 1299/712/419 1300/710/419
f 1207/713/419 1299/712/419 1206/711/419
f 1207/713/419 1298/714/419 1299/712/419
f 1208/715/419 1298/714/419 1207/713/419
f 1208/715/419 1297/716/419 1298/714/419
f 1209/717/419 1297/716/419 1208/715/419
f 1210/718/419 1297/716/419 1209/717/419
f 1210/718/419 1296/719/419 1297/716/419
f 1211/720/419 1296/719/419 1210/718/419
f 1211/720/419 1295/721/419 1296/719/419
f 1212/722/419 1295/721/419 1211/720/419
f 1213/723/419 1295/721/419 1212/722/419
f 1213/723/419 1294/724/419 1295/721/419
f 1214/725/419 1294/724/419 1213/723/419
f 1215/726/419 1294/724/419 1214/725/419
f 1215/726/419 1293/727/419 1294/724/419
f 1216/728/419 1293/727/419 1215/726/419
f 1217/729/419 1293/727/419 1216/728/419
f 1217/729/419 1292/730/419 1293/727/419
f 1217/729/419 1291/731/419 1292/730/419
f 1217/729/419 1290/732/419 1291/731/419
f 1217/729/419 1289/733/419 1290/732/419
f 1217/729/419 1288/734/419 1289/733/419
f 1217/729/419 1287/735/419 1288/734/419
f 1217/729/419 1286/736/419 1287/735/419
f 1217/729/419 1285/737/419 1286/736/419
f 1217/729/419 1218/738/419 1285/737/419
f 1218/738/419 1284/739/419 1285/737/419
f 1219/740/419 1284/739/419 1218/738/419
f 1220/741/419 1284/739/419 1219/740/419
f 1221/742/419 1284/739/419 1220/741/419
f 1221/742/419 1283/743/419 1284/739/419
f 1222/744/419 1283/743/419 1221/742/419
f 1223/745/419 1283/743/419 1222/744/419
f 1223/745/419 1282/746/419 1283/743/419
f 1224/747/419 1282/746/419 1223/745/419
f 1224/747/419 1281/748/419 1282/746/419
f 1225/749/419 1281/748/419 1224/747/419
f 1225/749/419 1280/750/419 1281/748/419
f 1226/751/419 1280/750/419 1225/749/419
f 1226/751/419 1279/752/419 1280/750/419
f 1227/753/419 1279/752/419 1226/751/419
f 1227/753/419 1278/754/419 1279/752/419
f 1228/755/419 1278/754/419 1227/753/419
f 1229/756/419 1278/754/419 1228/755/419
f 1229/756/419 1277/757/419 1278/754/419
f 1230/758/419 1277/757/419 1229/756/419
f 1230/758/419 1276/759/419 1277/757/419
f 1231/760/419 1276/759/419 1230/758/419
f 1232/761/419 1276/759/419 1231/760/419
f 1232/761/419 1275/762/419 1276/759/419
f 1233/763/419 1275/762/419 1232/761/419
f 1254/764/419 1252/765/419 1253/766/419
f 1254/764/419 1251/767/419 1252/765/419
f 1234/768/419 1275/762/419 1233/763/419
f 1254/764/419 1250/769/419 1251/767/419
f 1235/770/419 1275/762/419 1234/768/419
f 1235/770/419 1274/771/419 1275/762/419
f 1254/764/419 1249/772/419 1250/769/419
f 1236/773/419 1274/771/419 1235/770/419
f 1254/764/419 1248/774/419 1249/772/419
f 1254/764/419 1247/775/419 1248/774/419
f 1237/776/419 1274/771/419 1236/773/419
f 1254/764/419 1246/777/419 1247/775/419
f 1238/778/419 1274/771/419 1237/776/419
f 1254/764/419 1245/779/419 1246/777/419
f 1238/778/419 1273/780/419 1274/771/419
f 1239/781/419 1273/780/419 1238/778/419
f 1254/764/419 1244/782/419 1245/779/419
f 1254/764/419 1243/783/419 1244/782/419
f 1240/784/419 1273/780/419 1239/781/419
f 1254/764/419 1242/785/419 1243/783/419
f 1241/786/419 1273/780/419 1240/784/419
f 1254/764/419 1241/786/419 1242/785/419
f 1254/764/419 1273/780/419 1241/786/419
f 1254/764/419 1272/787/419 1273/780/419
f 1254/764/419 1271/788/419 1272/787/419
f 1254/764/419 1270/789/419 1271/788/419
f 1255/790/419 1270/789/419 1254/764/419
f 1256/791/419 1270/789/419 1255/790/419
f 1257/792/419 1270/789/419 1256/791/419
f 1257/792/419 1269/793/419 1270/789/419
f 1258/794/419 1269/793/419 1257/792/419
f 1259/795/419 1269/793/419 1258/794/419
f 1259/795/419 1268/796/419 1269/793/419
f 1260/797/419 1268/796/419 1259/795/419
f 1261/798/419 1268/796/419 1260/797/419
f 1262/799/419 1268/796/419 1261/798/419
f 1262/799/419 1267/800/419 1268/796/419
f 1263/801/419 1267/800/419 1262/799/419
f 1264/802/419 1267/800/419 1263/801/419
f 1264/802/419 1266/803/419 1267/800/419
f 1265/804/419 1266/803/419 1264/802/419
f 1329/805/419 1327/806/419 1328/807/419
f 1329/805/419 1330/808/419 1327/806/419
f 1330/808/419 1332/809/419 1327/806/419
f 1331/810/419 1332/809/419 1330/808/419
f 891/811/419 965/812/419 890/813/419
f 965/812/419 889/814/419 890/813/419
f 965/812/419 966/815/419 889/814/419
f 891/811/419 964/816/419 965/812/419
f 964/816/419 962/817/419 963/818/419
f 891/811/419 962/817/419 964/816/419
f 891/811/419 961/819/419 962/817/419
f 891/811/419 960/820/419 961/819/419
f 891/811/419 959/821/419 960/820/419
f 891/811/419 892/822/419 959/821/419
f 892/822/419 958/823/419 959/821/419
f 892/822/419 893/824/419 958/823/419
f 893/824/419 957/825/419 958/823/419
f 893/824/419 894/826/419 957/825/419
f 894/826/419 956/827/419 957/825/419
f 895/828/419 956/827/419 894/826/419
f 896/829/419 956/827/419 895/828/419
f 897/830/419 956/827/419 896/829/419
f 897/830/419 955/831/419 956/827/419
f 898/832/419 955/831/419 897/830/419
f 899/833/419 955/831/419 898/832/419
f 899/833/419 954/834/419 955/831/419
f 900/835/419 954/834/419 899/833/419
f 901/836/419 954/834/419 900/835/419
f 901/836/419 953/837/419 954/834/419
f 902/838/419 953/837/419 901/836/419
f 902/838/419 952/839/419 953/837/419
f 903/840/419 952/839/419 902/838/419
f 904/841/419 952/839/419 903/840/419
f 904/841/419 951/842/419 952/839/419
f 905/843/419 951/842/419 904/841/419
f 906/844/419 951/842/419 905/843/419
f 906/844/419 950/845/419 951/842/419
f 907/846/419 950/845/419 906/844/419
f 908/847/419 950/845/419 907/846/419
f 908/847/419 949/848/419 950/845/419
f 909/849/419 949/848/419 908/847/419
f 928/850/419 926/851/419 927/852/419
f 928/850/419 925/853/419 926/851/419
f 910/854/419 949/848/419 909/849/419
f 910/854/419 948/855/419 949/848/419
f 928/850/419 924/856/419 925/853/419
f 911/857/419 948/855/419 910/854/419
f 928/850/419 923/858/419 924/856/419
f 928/850/419 922/859/419 923/858/419
f 912/860/419 948/855/419 911/857/419
f 928/850/419 921/861/419 922/859/419
f 928/850/419 920/862/419 921/861/419
f 912/860/419 947/863/419 948/855/419
f 913/864/419 947/863/419 912/860/419
f 928/850/419 919/865/419 920/862/419
f 928/850/419 918/866/419 919/865/419
f 914/867/419 947/863/419 913/864/419
f 928/850/419 917/868/419 918/866/419
f 928/850/419 916/869/419 917/868/419
f 915/870/419 947/863/419 914/867/419
f 928/850/419 915/870/419 916/869/419
f 928/850/419 947/863/419 915/870/419
f 928/850/419 946/871/419 947/863/419
f 928/850/419 945/872/419 946/871/419
f 928/850/419 944/873/419 945/872/419
f 929/874/419 944/873/419 928/850/419
f 930/875/419 944/873/419 929/874/419
f 930/875/419 943/876/419 944/873/419
f 931/877/419 943/876/419 930/875/419
f 932/878/419 943/876/419 931/877/419
f 933/879/419 943/876/419 932/878/419
f 933/879/419 942/880/419 943/876/419
f 934/881/419 942/880/419 933/879/419
f 935/882/419 942/880/419 934/881/419
f 935/882/419 941/883/419 942/880/419
f 936/884/419 941/883/419 935/882/419
f 937/885/419 941/883/419 936/884/419
f 938/886/419 941/883/419 937/885/419
f 938/886/419 940/887/419 941/883/419
f 939/888/419 940/887/419 938/886/419
f 458/394/17 459/396/422 903/396/422 902/394/17
f 668/182/30 669/187/412 1113/187/412 1112/182/30
f 844/290/423 845/289/6 1289/289/6 1288/290/423
f 459/396/422 460/397/424 904/397/424 903/396/422
f 694/185/15 695/188/425 1139/188/425 1138/185/15
f 597/83/426 598/81/10 1042/81/10 1041/83/426
f 843/291/427 844/290/423 1288/290/423 1287/291/427
f 610/82/3 611/84/428 1055/84/428 1054/82/3
f 507/398/274 508/395/8 952/395/8 951/398/274
f 842/292/429 843/291/427 1287/291/427 1286/292/429
f 705/189/415 706/186/4 1150/186/4 1149/189/415
f 460/397/424 461/399/277 905/399/277 904/397/424
f 695/188/425 696/190/410 1140/190/410 1139/188/425
f 596/85/417 597/83/426 1041/83/426 1040/85/417
f 841/293/416 842/292/429 1286/292/429 1285/293/416
f 611/84/428 612/86/414 1056/86/414 1055/84/428
